Name,player_id,year,slg_percent,proj_SLG,delta_proj_minus_current
"Stewart, Sal",701398,2025,0.545,0.542155422,-0.002844578
"Judge, Aaron",592450,2025,0.688,0.51110861,-0.17689139
"Ohtani, Shohei",660271,2025,0.622,0.487718436,-0.134281564
"Soto, Juan",665742,2025,0.525,0.486794951,-0.038205049
"Jensen, Carter",695600,2025,0.55,0.4801667,-0.0698333
"Eldridge, Bryce",805811,2025,0.179,0.470153684,0.291153684
"Schwarber, Kyle",656941,2025,0.563,0.465482802,-0.097517198
"Carroll, Corbin",682998,2025,0.541,0.46243719,-0.07856281
"Rice, Ben",700250,2025,0.499,0.462414767,-0.036585233
"Alvarez, Yordan",670541,2025,0.43,0.460857118,0.030857118
"Caminero, Junior",691406,2025,0.535,0.460171429,-0.074828571
"Jones, Jahmai",663330,2025,0.55,0.459212153,-0.090787847
"Seager, Corey",608369,2025,0.487,0.456772269,-0.030227731
"Adell, Jo",666176,2025,0.485,0.451931715,-0.033068285
"Acuña Jr., Ronald",660670,2025,0.518,0.450819298,-0.067180702
"Raleigh, Cal",663728,2025,0.589,0.450807212,-0.138192788
"Witt Jr., Bobby",677951,2025,0.501,0.450336631,-0.050663369
"Alonso, Pete",624413,2025,0.524,0.449387296,-0.074612704
"Tatis Jr., Fernando",665487,2025,0.446,0.446312489,0.000312489
"Abreu, Wilyer",677800,2025,0.469,0.445578921,-0.023421079
"Acosta, Maximo",691185,2025,0.389,0.443220401,0.054220401
"Kurtz, Nick",701762,2025,0.619,0.442977163,-0.176022837
"Ornelas, Tirso",672359,2025,0.071,0.441153639,0.370153639
"Carpenter, Kerry",681481,2025,0.497,0.439007886,-0.057992114
"Busch, Michael",683737,2025,0.523,0.437660085,-0.085339915
"Rodríguez, Julio",677594,2025,0.474,0.437634769,-0.036365231
"Benson, Will",666181,2025,0.435,0.435229275,0.000229275
"Aranda, Jonathan",666018,2025,0.489,0.43385195,-0.05514805
"Crow-Armstrong, Pete",691718,2025,0.481,0.433176958,-0.047823042
"Navarreto, Brian",640459,2025,0.643,0.433060485,-0.209939515
"Sánchez, Gary",596142,2025,0.418,0.432371231,0.014371231
"Neto, Zach",687263,2025,0.474,0.431604776,-0.042395224
"Marte, Ketel",606466,2025,0.517,0.431573167,-0.085426833
"Alcántara, Kevin",682634,2025,0.364,0.431064848,0.067064848
"Canzone, Dominic",686527,2025,0.481,0.430572897,-0.050427103
"Montgomery, Colson",695657,2025,0.529,0.429876941,-0.099123059
"Buxton, Byron",621439,2025,0.551,0.429283963,-0.121716037
"Wood, James",695578,2025,0.475,0.428626007,-0.046373993
"Baker, Luken",663609,2025,0.324,0.42852666,0.10452666
"O'Neill, Tyler",641933,2025,0.392,0.428437457,0.036437457
"Anthony, Roman",701350,2025,0.463,0.428351331,-0.034648669
"Guerrero Jr., Vladimir",665489,2025,0.467,0.428034923,-0.038965077
"Herrera, Iván",671056,2025,0.464,0.427255865,-0.036744135
"Vierling, Matt",663837,2025,0.307,0.42656561,0.11956561
"Burleson, Alec",676475,2025,0.459,0.426268504,-0.032731496
"Sosa, Lenyn",672820,2025,0.434,0.425456684,-0.008543316
"Kirk, Alejandro",672386,2025,0.421,0.425011524,0.004011524
"Machado, Manny",592518,2025,0.46,0.423542132,-0.036457868
"Goodman, Hunter",696100,2025,0.52,0.423407631,-0.096592369
"Mesa Jr., Victor",683748,2025,0.344,0.42313562,0.07913562
"Baldwin, Drake",686948,2025,0.469,0.422084823,-0.046915177
"Langeliers, Shea",669127,2025,0.536,0.420908893,-0.115091107
"Gonzalez, Romy",663853,2025,0.483,0.420886475,-0.062113525
"Pasquantino, Vinnie",686469,2025,0.475,0.420736644,-0.054263356
"Perez, Salvador",521692,2025,0.446,0.419454208,-0.026545792
"Stowers, Kyle",669065,2025,0.544,0.419210002,-0.124789998
"Barger, Addison",680718,2025,0.454,0.419092262,-0.034907738
"Ramírez, Agustín",682663,2025,0.413,0.41904337,0.00604337
"Moniak, Mickey",666160,2025,0.518,0.419029821,-0.098970179
"Basallo, Samuel",694212,2025,0.33,0.418654416,0.088654416
"Westburg, Jordan",676059,2025,0.457,0.41857615,-0.03842385
"García Jr., Luis",671277,2025,0.412,0.418295266,0.006295266
"Varsho, Daulton",662139,2025,0.548,0.418099135,-0.129900865
"Devers, Rafael",646240,2025,0.479,0.417648362,-0.061351638
"Springer, George",543807,2025,0.56,0.417482139,-0.142517861
"Alvarez, Francisco",682626,2025,0.447,0.416965914,-0.030034086
"Thomas, Colby",687515,2025,0.417,0.416619764,-0.000380236
"Burger, Jake",669394,2025,0.419,0.416098342,-0.002901658
"Grisham, Trent",663757,2025,0.464,0.41582525,-0.04817475
"Olson, Matt",621566,2025,0.484,0.415564034,-0.068435966
"Merrill, Jackson",701538,2025,0.457,0.415263789,-0.041736211
"Grichuk, Randal",545341,2025,0.401,0.414984527,0.013984527
"Clemens, Kody",665019,2025,0.434,0.414936833,-0.019063167
"Muncy, Max",571970,2025,0.47,0.41423872,-0.05576128
"Manzardo, Kyle",700932,2025,0.455,0.413738121,-0.041261879
"Henderson, Gunnar",683002,2025,0.438,0.413640179,-0.024359821
"Laureano, Ramón",657656,2025,0.512,0.412797545,-0.099202455
"Dingler, Dillon",693307,2025,0.425,0.412781944,-0.012218056
"Diaz, Yainer",673237,2025,0.417,0.41270414,-0.00429586
"Torkelson, Spencer",679529,2025,0.456,0.412387346,-0.043612654
"Greene, Riley",682985,2025,0.493,0.412057351,-0.080942649
"Langford, Wyatt",694671,2025,0.431,0.410720021,-0.020279979
"Flores Jr., Rafael",804668,2025,0.333,0.410536631,0.077536631
"Vaughn, Andrew",683734,2025,0.411,0.410252183,-0.000747817
"Soderstrom, Tyler",691016,2025,0.474,0.410211163,-0.063788837
"Riley, Austin",663586,2025,0.428,0.409915205,-0.018084795
"Bichette, Bo",666182,2025,0.483,0.409837314,-0.073162686
"Harris II, Michael",671739,2025,0.409,0.409638101,0.000638101
"Crooks, Jimmy",699625,2025,0.244,0.40948042,0.16548042
"Tucker, Kyle",663656,2025,0.464,0.409284549,-0.054715451
"Fletcher, Dominic",666150,2025,0.469,0.408905967,-0.060094033
"Encarnacion-Strand, Christian",687952,2025,0.377,0.408503673,0.031503673
"Moreno, Gabriel",672515,2025,0.433,0.40832165,-0.02467835
"Stanton, Giancarlo",519317,2025,0.594,0.407890866,-0.186109134
"Díaz, Yandy",650490,2025,0.482,0.407117967,-0.074882033
"Lowe, Brandon",664040,2025,0.477,0.406646809,-0.070353191
"Polanco, Jorge",593871,2025,0.495,0.406533607,-0.088466393
"Garcia, Maikel",672580,2025,0.449,0.406046501,-0.042953499
"Hernández, Heriberto",681715,2025,0.438,0.405522782,-0.032477218
"Chisholm Jr., Jazz",665862,2025,0.481,0.405224282,-0.075775718
"Schneider, Davis",676914,2025,0.436,0.405211809,-0.030788191
"Wells, Austin",669224,2025,0.436,0.4051605,-0.0308395
"Smith, Will",669257,2025,0.497,0.405159879,-0.091840121
"Cameron, Daz",663662,2025,0.293,0.40515649,0.11215649
"Ramos, Heliot",671218,2025,0.4,0.405093069,0.005093069
"Rosario, Amed",642708,2025,0.436,0.404665523,-0.031334477
"Lile, Daylen",695734,2025,0.498,0.404072185,-0.093927815
"Cortes, Carlos",666126,2025,0.543,0.403373694,-0.139626306
"Swanson, Dansby",621020,2025,0.417,0.403319115,-0.013680885
"O'Hoppe, Logan",681351,2025,0.371,0.403202458,0.032202458
"Wallner, Matt",670242,2025,0.464,0.403040927,-0.060959073
"Wagaman, Eric",676572,2025,0.378,0.402728668,0.024728668
"Gray, Tristan",656484,2025,0.41,0.401430273,-0.008569727
"Vientos, Mark",668901,2025,0.413,0.401223374,-0.011776626
"Lindor, Francisco",596019,2025,0.466,0.401158426,-0.064841574
"Tellez, Rowdy",642133,2025,0.443,0.400294909,-0.042705091
"Domínguez, Jasson",691176,2025,0.388,0.400261714,0.012261714
"Suárez, Eugenio",553993,2025,0.526,0.399934714,-0.126065286
"Wiemer, Joey",686894,2025,0.436,0.399856648,-0.036143352
"Rooker, Brent",667670,2025,0.479,0.399677135,-0.079322865
"Sánchez, Jesús",660821,2025,0.395,0.399591759,0.004591759
"Morel, Christopher",666624,2025,0.396,0.399274159,0.003274159
"Schmitt, Casey",669477,2025,0.401,0.39914688,-0.00185312
"Fitzgerald, Ryan",680837,2025,0.457,0.398713243,-0.058286757
"Kelenic, Jarred",672284,2025,0.3,0.398592603,0.098592603
"Bauers, Jake",641343,2025,0.399,0.398279728,-0.000720272
"Turang, Brice",668930,2025,0.435,0.398178339,-0.036821661
"Jackson, Jeremiah",669236,2025,0.447,0.398080655,-0.048919345
"Suzuki, Seiya",673548,2025,0.478,0.397970691,-0.080029309
"Torres, Gleyber",650402,2025,0.387,0.397459126,0.010459126
"Bregman, Alex",608324,2025,0.462,0.397318397,-0.064681603
"Harper, Bryce",547180,2025,0.487,0.397243203,-0.089756797
"Chourio, Jackson",694192,2025,0.463,0.397232155,-0.065767845
"Bell, Josh",605137,2025,0.417,0.396642868,-0.020357132
"De La Cruz, Elly",682829,2025,0.44,0.396604499,-0.043395501
"Baty, Brett",683146,2025,0.435,0.396431691,-0.038568309
"Naylor, Josh",647304,2025,0.462,0.395913557,-0.066086443
"Robert Jr., Luis",673357,2025,0.364,0.395812571,0.031812571
"Keith, Colt",690993,2025,0.413,0.395575506,-0.017424494
"Johnston, Troy",687859,2025,0.42,0.395012096,-0.024987904
"Happ, Ian",664023,2025,0.42,0.394477726,-0.025522274
"García, Adolis",666969,2025,0.394,0.394433262,0.000433262
"Encarnacion, Jerar",666464,2025,0.364,0.394347337,0.030347337
"Tovar, Ezequiel",678662,2025,0.4,0.393582377,-0.006417623
"Vargas, Miguel",678246,2025,0.401,0.393361164,-0.007638836
"Nimmo, Brandon",607043,2025,0.436,0.393195582,-0.042804418
"Cruz, Oneil",665833,2025,0.378,0.393107155,0.015107155
"Marsh, Brandon",669016,2025,0.443,0.392928887,-0.050071113
"McMahon, Ryan",641857,2025,0.381,0.392819623,0.011819623
"Marte, Noelvi",682622,2025,0.448,0.392621149,-0.055378851
"Sheets, Gavin",657757,2025,0.429,0.392345772,-0.036654228
"Pages, Andy",681624,2025,0.461,0.392092463,-0.068907537
"Ramírez, José",608070,2025,0.503,0.391654073,-0.111345927
"Crim, Blaine",688760,2025,0.462,0.391583456,-0.070416544
"Davis, Henry",680779,2025,0.278,0.390391597,0.112391597
"Valdez, Enmanuel",665839,2025,0.363,0.390037528,0.027037528
"Walker, Jordan",691023,2025,0.306,0.389981164,0.083981164
"Nootbaar, Lars",663457,2025,0.361,0.389528696,0.028528696
"Lewis, Royce",668904,2025,0.388,0.389311059,0.001311059
"Correa, Carlos",621043,2025,0.402,0.389279643,-0.012720357
"Baldwin, Brooks",681460,2025,0.407,0.389197836,-0.017802164
"Peña, Jeremy",665161,2025,0.477,0.389113328,-0.087886672
"Mauricio, Ronny",677595,2025,0.369,0.388786473,0.019786473
"Contreras, Willson",575929,2025,0.447,0.388475115,-0.058524885
"Workman, Gage",669398,2025,0.25,0.388105188,0.138105188
"Lopez, Otto",672640,2025,0.368,0.387897254,0.019897254
"McKinney, Billy",641856,2025,0.25,0.387720343,0.137720343
"Crews, Dylan",686611,2025,0.352,0.387307531,0.035307531
"Holliday, Jackson",702616,2025,0.375,0.387307168,0.012307168
"Osuna, Alejandro",696030,2025,0.278,0.386831844,0.108831844
"Chapman, Matt",656305,2025,0.43,0.386809403,-0.043190597
"Rafaela, Ceddanne",678882,2025,0.414,0.386742031,-0.027257969
"Story, Trevor",596115,2025,0.433,0.386641726,-0.046358274
"Cole, Zach",805904,2025,0.553,0.38630446,-0.16669554
"Kepler, Max",596146,2025,0.391,0.386110493,-0.004889507
"Freeman, Freddie",518692,2025,0.502,0.385942949,-0.116057051
"Marsee, Jakob",805300,2025,0.478,0.385429393,-0.092570607
"Torrens, Luis",620443,2025,0.345,0.385384638,0.040384638
"Narváez, Carlos",665966,2025,0.419,0.385246961,-0.033753039
"Pérez, Wenceel",672761,2025,0.43,0.385126876,-0.044873124
"Adames, Willy",642715,2025,0.421,0.38508998,-0.03591002
"Refsnyder, Rob",608701,2025,0.484,0.384914156,-0.099085844
"Kayfus, C.J.",692216,2025,0.415,0.384431344,-0.030568656
"Caglianone, Jac",695506,2025,0.295,0.383720106,0.088720106
"McCann, James",543510,2025,0.431,0.383711345,-0.047288655
"Goldschmidt, Paul",502671,2025,0.403,0.383688913,-0.019311087
"Gorman, Nolan",669357,2025,0.37,0.383543896,0.013543896
"Contreras, William",661388,2025,0.399,0.38271471,-0.01628529
"Jeffers, Ryan",680777,2025,0.397,0.382509515,-0.014490485
"Donovan, Brendan",680977,2025,0.422,0.382274432,-0.039725568
"Duran, Jarren",680776,2025,0.442,0.382045771,-0.059954229
"Ward, Taylor",621493,2025,0.475,0.381763267,-0.093236733
"Yastrzemski, Mike",573262,2025,0.403,0.380997273,-0.022002727
"Abrams, CJ",682928,2025,0.433,0.380827032,-0.052172968
"Rutschman, Adley",668939,2025,0.366,0.380757793,0.014757793
"Bohm, Alec",664761,2025,0.409,0.380396556,-0.028603444
"Palacios, Richie",680700,2025,0.452,0.380359969,-0.071640031
"Bellinger, Cody",641355,2025,0.48,0.379976934,-0.100023066
"Beavers, Dylan",687637,2025,0.4,0.379795508,-0.020204492
"Arozarena, Randy",668227,2025,0.426,0.379322868,-0.046677132
"Pozo, Yohel",650968,2025,0.375,0.378662005,0.003662005
"Edman, Tommy",669242,2025,0.382,0.378660652,-0.003339348
"Lee, Brooks",686797,2025,0.37,0.378653566,0.008653566
"Profar, Jurickson",595777,2025,0.434,0.378591474,-0.055408526
"Larnach, Trevor",663616,2025,0.404,0.378493619,-0.025506381
"Cowser, Colton",681297,2025,0.385,0.378436963,-0.006563037
"Reynolds, Bryan",668804,2025,0.402,0.378243205,-0.023756795
"Perdomo, Geraldo",672695,2025,0.462,0.378142009,-0.083857991
"Betts, Mookie",605141,2025,0.406,0.377516175,-0.028483825
"France, Ty",664034,2025,0.36,0.377391402,0.017391402
"Garver, Mitch",641598,2025,0.343,0.377308519,0.034308519
"Melendez, MJ",669004,2025,0.167,0.377300511,0.210300511
"Vilade, Ryan",668723,2025,0.077,0.377266177,0.300266177
"Hernández, Teoscar",606192,2025,0.454,0.376941668,-0.077058332
"Pederson, Joc",592626,2025,0.328,0.376718704,0.048718704
"Slater, Austin",596103,2025,0.372,0.376684077,0.004684077
"House, Brady",691781,2025,0.322,0.37656681,0.05456681
"Clase, Jonatan",682729,2025,0.3,0.37640107,0.07640107
"Benintendi, Andrew",643217,2025,0.431,0.376355649,-0.054644351
"Volpe, Anthony",683011,2025,0.391,0.376196587,-0.014803413
"Doyle, Brenton",686668,2025,0.376,0.375631651,-0.000368349
"Walker, Christian",572233,2025,0.421,0.375362179,-0.045637821
"Butler, Lawrence",671732,2025,0.404,0.375357652,-0.028642348
"Freeman, Tyler",671289,2025,0.361,0.375217896,0.014217896
"Myers, Dane",667472,2025,0.326,0.375028648,0.049028648
"León, Sandy",506702,2025,0.333,0.374873574,0.041873574
"Jung, Josh",673962,2025,0.39,0.3735848,-0.0164152
"Rodríguez, Johnathan",671286,2025,0.366,0.373575111,0.007575111
"Hinds, Rece",677956,2025,0.279,0.3732858,0.0942858
"Young, Jared",676724,2025,0.488,0.373190564,-0.114809436
"Hilliard, Sam",656541,2025,0.412,0.372414154,-0.039585846
"Wilson, Weston",642215,2025,0.369,0.372397944,0.003397944
"Triolo, Jared",669707,2025,0.356,0.372283022,0.016283022
"Del Castillo, Adrian",680728,2025,0.392,0.372101399,-0.019898601
"Verdugo, Alex",657077,2025,0.289,0.371676142,0.082676142
"Winker, Jesse",608385,2025,0.4,0.371602815,-0.028397185
"Ballesteros, Moisés",694208,2025,0.474,0.37130424,-0.10269576
"Naylor, Bo",666310,2025,0.379,0.37128569,-0.00771431
"Mountcastle, Ryan",663624,2025,0.367,0.371205024,0.004205024
"Trejo, Alan",676701,2025,0.225,0.371160677,0.146160677
"Winn, Masyn",691026,2025,0.363,0.37107744,0.00807744
"Casas, Triston",671213,2025,0.303,0.371075242,0.068075242
"Elko, Tim",671284,2025,0.328,0.370951859,0.042951859
"Sanoja, Javier",691594,2025,0.396,0.37086347,-0.02513653
"Fairchild, Stuart",656413,2025,0.333,0.370002837,0.037002837
"Maile, Luke",571912,2025,0.356,0.369980072,0.013980072
"Norby, Connor",681393,2025,0.389,0.369874874,-0.019125126
"White, Eli",642201,2025,0.406,0.36978587,-0.03621413
"Wynns, Austin",642851,2025,0.544,0.369567772,-0.174432228
"Taveras, Leody",665750,2025,0.304,0.369535351,0.065535351
"Jiménez, Leo",677870,2025,0.172,0.369421491,0.197421491
"Kemp, Otto",805249,2025,0.411,0.36933063,-0.04166937
"Loperfido, Joey",694388,2025,0.5,0.369329862,-0.130670138
"Trout, Mike",545361,2025,0.439,0.369214815,-0.069785185
"Matos, Luis",682641,2025,0.424,0.369175452,-0.054824548
"Ozuna, Marcell",542303,2025,0.4,0.369016106,-0.030983894
"Johnson, Daniel",669288,2025,0.302,0.368793202,0.066793202
"Bleday, JJ",668709,2025,0.404,0.368717219,-0.035282781
"Saggese, Thomas",695336,2025,0.342,0.368671145,0.026671145
"Caratini, Victor",605170,2025,0.404,0.36865261,-0.03534739
"Young, Cole",702284,2025,0.305,0.368171417,0.063171417
"Jones, Nolan",666134,2025,0.304,0.367853537,0.063853537
"Gurriel Jr., Lourdes",666971,2025,0.418,0.367741093,-0.050258907
"India, Jonathan",663697,2025,0.346,0.367725295,0.021725295
"Guzman, Denzer",694203,2025,0.357,0.367720427,0.010720427
"Noel, Jhonkensy",678877,2025,0.297,0.367590127,0.070590127
"Kelly, Carson",608348,2025,0.428,0.367535868,-0.060464132
"O'Hearn, Ryan",656811,2025,0.437,0.3673524,-0.0696476
"Quero, Edgar",700337,2025,0.356,0.366969966,0.010969966
"Escarra, J.C.",641555,2025,0.333,0.366898909,0.033898909
"Wisely, Brett",689172,2025,0.315,0.366897377,0.051897377
"Gonzales, Nick",693304,2025,0.362,0.366677309,0.004677309
"Kjerstad, Heston",677008,2025,0.327,0.366319873,0.039319873
"Massey, Michael",686681,2025,0.313,0.366122746,0.053122746
"Hernández, Enrique",571771,2025,0.366,0.365887967,-0.000112033
"Paredes, Isaac",670623,2025,0.458,0.365781168,-0.092218832
"Hays, Austin",669720,2025,0.453,0.365710315,-0.087289685
"Baddoo, Akil",668731,2025,0.176,0.364910997,0.188910997
"Lukes, Nathan",664770,2025,0.407,0.364258158,-0.042741842
"Yoshida, Masataka",807799,2025,0.388,0.364091528,-0.023908472
"Rushing, Dalton",687221,2025,0.324,0.363843889,0.039843889
"Stott, Bryson",681082,2025,0.391,0.363603314,-0.027396686
"Amaya, Miguel",665804,2025,0.5,0.363373032,-0.136626968
"Mayo, Coby",691723,2025,0.388,0.363293516,-0.024706484
"Fermín, José",665877,2025,0.417,0.363169163,-0.053830837
"Smith, Cam",701358,2025,0.358,0.363126911,0.005126911
"Thomas, Alek",677950,2025,0.37,0.363107004,-0.006892996
"Gonzalez, Oscar",660757,2025,0.237,0.363046331,0.126046331
"Conforto, Michael",624424,2025,0.333,0.363041395,0.030041395
"Kim, Ha-Seong",673490,2025,0.345,0.362638287,0.017638287
"Schanuel, Nolan",694384,2025,0.389,0.362566839,-0.026433161
"Seymour, Bob",676044,2025,0.282,0.362424729,0.080424729
"Albies, Ozzie",645277,2025,0.365,0.362165597,-0.002834403
"Meidroth, Chase",805367,2025,0.32,0.36212697,0.04212697
"Rocchio, Brayan",677587,2025,0.34,0.361941003,0.021941003
"Meyers, Jake",676694,2025,0.373,0.361933971,-0.011066029
"Simon, Ronny",682927,2025,0.273,0.361889334,0.088889334
"Yelich, Christian",592885,2025,0.452,0.361693374,-0.090306626
"Brooks, Trenton",670092,2025,0.268,0.361607001,0.093607001
"Mead, Curtis",678554,2025,0.321,0.361117599,0.040117599
"McLain, Matt",680574,2025,0.343,0.36107612,0.01807612
"Fulford, Braxton",690924,2025,0.324,0.360666277,0.036666277
"Hummel, Cooper",669450,2025,0.273,0.359952594,0.086952594
"Hoskins, Rhys",656555,2025,0.416,0.359803209,-0.056196791
"Mitchell, Garrett",669003,2025,0.294,0.359439215,0.065439215
"Mayer, Marcelo",691785,2025,0.402,0.359105115,-0.042894885
"Dezenzo, Zach",701305,2025,0.367,0.3590421,-0.0079579
"Smith, Dominic",642086,2025,0.417,0.359039281,-0.057960719
"Rodríguez, Endy",682848,2025,0.25,0.35874407,0.10874407
"Turner, Trea",607208,2025,0.457,0.358734225,-0.098265775
"Campero, Gustavo",672569,2025,0.345,0.358631012,0.013631012
"Hassell III, Robert",690987,2025,0.315,0.358588558,0.043588558
"Yorke, Nick",694377,2025,0.319,0.357980133,0.038980133
"Hoerner, Nico",663538,2025,0.394,0.357932403,-0.036067597
"Semien, Marcus",543760,2025,0.364,0.357923541,-0.006076459
"Arias, Gabriel",672356,2025,0.363,0.357857306,-0.005142694
"Mullins, Cedric",656775,2025,0.391,0.357573939,-0.033426061
"McCormick, Chas",676801,2025,0.29,0.357267132,0.067267132
"Lugo, Matthew",683090,2025,0.464,0.357237959,-0.106762041
"Rave, John",670231,2025,0.307,0.357175964,0.050175964
"Carlson, Dylan",666185,2025,0.336,0.356894084,0.020894084
"Andujar, Miguel",609280,2025,0.47,0.35675096,-0.11324904
"Lee, Jung Hoo",808982,2025,0.407,0.356529098,-0.050470902
"Bogaerts, Xander",593428,2025,0.391,0.356510157,-0.034489843
"Horwitz, Spencer",687462,2025,0.434,0.356499316,-0.077500684
"Ibáñez, Andy",628451,2025,0.352,0.356363082,0.004363082
"Fermin, Freddy",666023,2025,0.339,0.356124473,0.017124473
"Carter, Evan",694497,2025,0.392,0.356058789,-0.035941211
"Toro, Abraham",647351,2025,0.371,0.356050929,-0.014949071
"Stefanic, Michael",683021,2025,0.182,0.355873537,0.173873537
"Moore, Christian",695681,2025,0.37,0.355518067,-0.014481933
"Williamson, Ben",810938,2025,0.31,0.355517846,0.045517846
"Beck, Jordan",687597,2025,0.416,0.355170719,-0.060829281
"Eaton, Nate",681987,2025,0.383,0.35504066,-0.02795934
"Adams, Riley",656180,2025,0.308,0.354926096,0.046926096
"Vargas, Ildemaro",545121,2025,0.383,0.35492588,-0.02807412
"Realmuto, J.T.",592663,2025,0.384,0.354899423,-0.029100577
"Teel, Kyle",691019,2025,0.411,0.35465821,-0.05634179
"Martínez, Angel",682657,2025,0.359,0.354590238,-0.004409762
"Loftin, Nick",679845,2025,0.357,0.354550422,-0.002449578
"Toglia, Michael",669911,2025,0.353,0.354138107,0.001138107
"Freeland, Alex",690976,2025,0.31,0.354034969,0.044034969
"Ruiz, Keibert",660688,2025,0.318,0.353957446,0.035957446
"Senger, Hayden",663584,2025,0.194,0.353921587,0.159921587
"Hill, Derek",656537,2025,0.328,0.353772687,0.025772687
"Hayes, Ke'Bryan",663647,2025,0.306,0.353706355,0.047706355
"Koss, Christian",683766,2025,0.368,0.353476789,-0.014523211
"Schneemann, Daniel",682177,2025,0.354,0.353446435,-0.000553565
"Pham, Tommy",502054,2025,0.37,0.35328436,-0.01671564
"Nuñez, Nasim",683083,2025,0.402,0.353010835,-0.048989165
"Lowe, Nathaniel",663993,2025,0.381,0.352845015,-0.028154985
"McCutchen, Andrew",457705,2025,0.367,0.352680407,-0.014319593
"Martin, Austin",668885,2025,0.365,0.352290827,-0.012709173
"Murphy, Sean",669221,2025,0.409,0.352269051,-0.056730949
"Sosa, Edmundo",624641,2025,0.469,0.352246138,-0.116753862
"Canario, Alexander",672744,2025,0.338,0.352164979,0.014164979
"Lowe, Josh",666139,2025,0.366,0.352156327,-0.013843673
"Matthews, Brice",694728,2025,0.452,0.352120834,-0.099879166
"Santander, Anthony",623993,2025,0.294,0.351580611,0.057580611
"Biggio, Cavan",624415,2025,0.246,0.351533656,0.105533656
"Julien, Edouard",666397,2025,0.324,0.351485215,0.027485215
"Pereira, Everson",677592,2025,0.246,0.351381595,0.105381595
"Arenado, Nolan",571448,2025,0.377,0.351171231,-0.025828769
"Urías, Ramón",602104,2025,0.384,0.350387524,-0.033612476
"Smith, Pavin",656976,2025,0.434,0.350309515,-0.083690485
"Stephenson, Tyler",663886,2025,0.421,0.350117832,-0.070882168
"Moncada, Yoán",660162,2025,0.448,0.35007723,-0.09792277
"Maton, Nick",665155,2025,0.315,0.350046997,0.035046997
"Taylor, Michael A.",572191,2025,0.366,0.349504355,-0.016495645
"Smith, Josh",669701,2025,0.366,0.349420434,-0.016579566
"Steer, Spencer",668715,2025,0.411,0.3493569,-0.0616431
"Durbin, Caleb",702332,2025,0.387,0.349279985,-0.037720015
"Pauley, Graham",688363,2025,0.366,0.349212315,-0.016787685
"Outman, James",681546,2025,0.321,0.349145786,0.028145786
"Mastrobuoni, Miles",670156,2025,0.296,0.34875542,0.05275542
"Bliss, Ryan",669208,2025,0.314,0.348436145,0.034436145
"Renfroe, Hunter",592669,2025,0.242,0.348211045,0.106211045
"Trevino, Jose",624431,2025,0.351,0.348119114,-0.002880886
"Giménez, Andrés",665926,2025,0.313,0.348048342,0.035048342
"Rodgers, Brendan",663898,2025,0.278,0.347881433,0.069881433
"Clement, Ernie",676391,2025,0.398,0.347662135,-0.050337865
"Monasterio, Andruw",655316,2025,0.437,0.347428408,-0.089571592
"Báez, Javier",595879,2025,0.398,0.347311483,-0.050688517
"Collins, Isaac",686555,2025,0.411,0.346755814,-0.064244186
"Suwinski, Jack",669261,2025,0.253,0.346448616,0.093448616
"Tawa, Tim",694374,2025,0.347,0.346389319,-0.000610681
"Short, Zack",670097,2025,0.38,0.345804649,-0.034195351
"Wade Jr., LaMonte",664774,2025,0.254,0.345312556,0.091312556
"Wagner, Will",695238,2025,0.279,0.345157388,0.066157388
"Bailey, Patrick",672275,2025,0.325,0.345062112,0.020062112
"Campbell, Kristian",692225,2025,0.345,0.345007607,7.61E-06
"Palacios, Joshua",641943,2025,0.305,0.344927288,0.039927288
"Church, Nathan",701675,2025,0.25,0.344865648,0.094865648
"Vivas, Jorbit",678391,2025,0.25,0.344836418,0.094836418
"Castellanos, Nick",592206,2025,0.4,0.344719669,-0.055280331
"Tauchman, Mike",643565,2025,0.4,0.344595314,-0.055404686
"Karros, Kyle",691720,2025,0.277,0.344510956,0.067510956
"Ortiz, Joey",687401,2025,0.317,0.344374814,0.027374814
"Paris, Kyren",677347,2025,0.381,0.344228584,-0.036771416
"Wilson, Jacob",805779,2025,0.444,0.343826611,-0.100173389
"Young, Jacob",696285,2025,0.287,0.343739749,0.056739749
"Lee, Korey",686676,2025,0.429,0.343154186,-0.085845814
"Clarke, Denzel",672016,2025,0.372,0.342794249,-0.029205751
"Jansen, Danny",643376,2025,0.399,0.342472796,-0.056527204
"Shaw, Matt",807713,2025,0.394,0.341748502,-0.052251498
"Soler, Jorge",624585,2025,0.387,0.341537793,-0.045462207
"Gasper, Mickey",681508,2025,0.232,0.341537082,0.109537082
"Keaschall, Luke",807712,2025,0.445,0.341503407,-0.103496593
"Conine, Griffin",665052,2025,0.418,0.3414929,-0.0765071
"Bernabel, Warming",682653,2025,0.41,0.341408617,-0.068591383
"Haggerty, Sam",664059,2025,0.37,0.341301315,-0.028698685
"Montes, Coco",663796,2025,0.2,0.341102581,0.141102581
"Malloy, Justyn-Henry",669234,2025,0.308,0.341011055,0.033011055
"Tena, José",677588,2025,0.355,0.340822489,-0.014177511
"Higashioka, Kyle",543309,2025,0.403,0.340626611,-0.062373389
"Pagés, Pedro",686780,2025,0.363,0.340594712,-0.022405288
"Taylor, Tyrone",621438,2025,0.319,0.34046424,0.02146424
"Altuve, Jose",514888,2025,0.442,0.340129405,-0.101870595
"Seigler, Anthony",678011,2025,0.21,0.339986298,0.129986298
"Cronenworth, Jake",630105,2025,0.377,0.339978398,-0.037021602
"Straw, Myles",664702,2025,0.367,0.339746867,-0.027253133
"LeMahieu, DJ",518934,2025,0.336,0.33972064,0.00372064
"Thomas, Lane",657041,2025,0.272,0.339657685,0.067657685
"Locklear, Tyler",682988,2025,0.262,0.339638404,0.077638404
"Call, Alex",669743,2025,0.385,0.339559672,-0.045440328
"Urías, Luis",649966,2025,0.338,0.33954451,0.00154451
"Fortes, Nick",663743,2025,0.349,0.339543265,-0.009456735
"Vázquez, Luis",676679,2025,0.24,0.339204265,0.099204265
"Sogard, Nick",686765,2025,0.344,0.339003031,-0.004996969
"Cabrera, Oswaldo",665828,2025,0.308,0.338832686,0.030832686
"Kwan, Steven",680757,2025,0.374,0.338456133,-0.035543867
"McCarthy, Jake",664983,2025,0.345,0.338158667,-0.006841333
"Noda, Ryan",676116,2025,0.17,0.337449787,0.167449787
"McNeil, Jeff",643446,2025,0.411,0.33722651,-0.07377349
"Frelick, Sal",686217,2025,0.405,0.337170236,-0.067829764
"Lawlar, Jordan",691783,2025,0.288,0.337149088,0.049149088
"Rengifo, Luis",650859,2025,0.335,0.337094758,0.002094758
"Rojas, Johan",679032,2025,0.289,0.336957607,0.047957607
"Muncy, Max",691777,2025,0.379,0.336804058,-0.042195942
"Alvarez Jr., Nacho",805373,2025,0.33,0.33668463,0.00668463
"DeJong, Paul",657557,2025,0.373,0.336458117,-0.036541883
"Edwards, Xavier",669364,2025,0.353,0.336442701,-0.016557299
"Hedges, Austin",595978,2025,0.277,0.336245371,0.059245371
"Meadows, Parker",678009,2025,0.33,0.336130525,0.006130525
"Johnson, Bryce",669369,2025,0.434,0.336107224,-0.097892776
"Hernaiz, Darell",687231,2025,0.306,0.335731297,0.029731297
"De La Cruz, Bryan",650559,2025,0.213,0.335712266,0.122712266
"Heim, Jonah",641680,2025,0.332,0.335593581,0.003593581
"Crawford, J.P.",641487,2025,0.37,0.334664232,-0.035335768
"Mervis, Matt",670223,2025,0.383,0.334291419,-0.048708581
"MacIver, Willie",680862,2025,0.324,0.3341192,0.0101192
"Gilbert, Drew",687551,2025,0.35,0.333893408,-0.016106592
"Amaya, Jacob",676070,2025,0.121,0.333869996,0.212869996
"Trammell, Taylor",666211,2025,0.333,0.333700696,0.000700696
"Acuña, Luisangel",682668,2025,0.274,0.333551847,0.059551847
"Bart, Joey",663698,2025,0.34,0.332152224,-0.007847776
"Rojas, Josh",668942,2025,0.259,0.331980837,0.072980837
"Fraley, Jake",641584,2025,0.382,0.331782894,-0.050217106
"Davidson, Logan",669722,2025,0.286,0.331437913,0.045437913
"Arraez, Luis",650333,2025,0.392,0.331392566,-0.060607434
"Knizner, Andrew",668800,2025,0.299,0.330929011,0.031929011
"Fry, David",681807,2025,0.363,0.330632321,-0.032367679
"Díaz, Elias",553869,2025,0.337,0.330407932,-0.006592068
"Fernández, Yanquiel",692585,2025,0.348,0.330346134,-0.017653866
"Misner, Kameron",670224,2025,0.345,0.330245026,-0.014754974
"DeLuca, Jonny",676356,2025,0.456,0.330036881,-0.125963119
"Alexander, Blaze",677942,2025,0.383,0.329976929,-0.053023071
"Devanney, Cam",687478,2025,0.167,0.329909912,0.162909912
"Sánchez, Ali",645305,2025,0.304,0.329833094,0.025833094
"Schuemann, Max",680474,2025,0.273,0.32982473,0.05682473
"Bruján, Vidal",660644,2025,0.31,0.329714944,0.019714944
"Allen, Greg",656185,2025,0,0.329684537,0.329684537
"Isbel, Kyle",664728,2025,0.353,0.329599219,-0.023400781
"Castro, Willi",650489,2025,0.366,0.329583013,-0.036416987
"Wilson, Will",669717,2025,0.244,0.32955799,0.08555799
"Canha, Mark",592192,2025,0.265,0.329458403,0.064458403
"Hamilton, David",666152,2025,0.333,0.32913579,-0.00386421
"Amador, Adael",691182,2025,0.265,0.329119044,0.064119044
"Thaiss, Matt",642136,2025,0.288,0.328641482,0.040641482
"Azocar, José",640492,2025,0.263,0.328403566,0.065403566
"Marte, Starling",516782,2025,0.41,0.328329862,-0.081670138
"Raley, Luke",670042,2025,0.311,0.328256514,0.017256514
"McGuire, Reese",624512,2025,0.444,0.328027867,-0.115972133
"Sweeney, Trey",700242,2025,0.291,0.326943347,0.035943347
"Duran, Ezequiel",677649,2025,0.293,0.326882282,0.033882282
"Tromp, Chadwick",644433,2025,0.333,0.326417374,-0.006582626
"Perkins, Blake",663368,2025,0.348,0.325923626,-0.022076374
"d'Arnaud, Travis",518595,2025,0.343,0.325417067,-0.017582933
"Bader, Harrison",664056,2025,0.449,0.325272539,-0.123727461
"Veen, Zac",691728,2025,0.235,0.324788879,0.089788879
"Nido, Tomás",621512,2025,0.343,0.324761028,-0.018238972
"Nola, Austin",543592,2025,0.211,0.324598476,0.113598476
"Peraza, Oswald",672724,2025,0.25,0.324227542,0.074227542
"Mangum, Jake",663968,2025,0.368,0.324148611,-0.043851389
"Miranda, Jose",669304,2025,0.25,0.324112573,0.074112573
"Lux, Gavin",666158,2025,0.374,0.324076085,-0.049923915
"Tolbert, Tyler",686475,2025,0.38,0.32372184,-0.05627816
"Millas, Drew",686452,2025,0.449,0.323716507,-0.125283493
"Gorski, Matt",685301,2025,0.39,0.323479437,-0.066520563
"Freeman, Cody",683227,2025,0.342,0.323158618,-0.018841382
"Friedl, TJ",670770,2025,0.378,0.322833097,-0.055166903
"Williams, Carson",700246,2025,0.354,0.32256691,-0.03143309
"Arcia, Orlando",606115,2025,0.291,0.322086429,0.031086429
"Valera, George",671655,2025,0.415,0.321598614,-0.093401386
"Walls, Taylor",670764,2025,0.319,0.32100775,0.00200775
"Rojas, Miguel",500743,2025,0.397,0.320858467,-0.076141533
"Scott II, Victor",687363,2025,0.296,0.320228655,0.024228655
"Estrada, Thairo",642731,2025,0.37,0.320074086,-0.049925914
"Dubón, Mauricio",643289,2025,0.355,0.320020882,-0.034979118
"Pereda, Jhonny",640902,2025,0.333,0.319774739,-0.013225261
"Schunk, Aaron",668845,2025,0.219,0.319665998,0.100665998
"Santana, Carlos",467793,2025,0.325,0.319290497,-0.005709503
"Barrosa, Jorge",678489,2025,0.225,0.319177544,0.094177544
"Rogers, Jake",668670,2025,0.333,0.318680135,-0.014319865
"Melton, Jacob",689200,2025,0.186,0.318230624,0.132230624
"Espinal, Santiago",669289,2025,0.282,0.318156469,0.036156469
"Kaiser, Connor",663731,2025,0.167,0.317999747,0.150999747
"Reyes, Pablo",622569,2025,0.226,0.31792803,0.09192803
"Turner, Justin",457759,2025,0.314,0.317854838,0.003854838
"Marchán, Rafael",665561,2025,0.305,0.317771196,0.012771196
"Lockridge, Brandon",663604,2025,0.299,0.317599129,0.018599129
"Jackson, Alex",656577,2025,0.473,0.317565698,-0.155434302
"Gelof, Zack",680869,2025,0.272,0.317488111,0.045488111
"Joe, Connor",656582,2025,0.243,0.317428608,0.074428608
"Ruiz, Esteury",665923,2025,0.333,0.317193889,-0.015806111
"Harris, Dustin",687957,2025,0.35,0.316641827,-0.033358173
"Rivera, Emmanuel",656896,2025,0.283,0.316157982,0.033157982
"Simpson, Chandler",802415,2025,0.345,0.314894101,-0.030105899
"Farmer, Kyle",571657,2025,0.365,0.314635633,-0.050364367
"Caballero, José",676609,2025,0.347,0.31374514,-0.03325486
"Peters, Tristan",671976,2025,0,0.313671062,0.313671062
"Flores, Wilmer",527038,2025,0.379,0.31346189,-0.06553811
"Siani, Michael",672279,2025,0.235,0.312351875,0.077351875
"Urshela, Gio",570482,2025,0.326,0.312250487,-0.013749513
"Capra, Vinny",681962,2025,0.177,0.310839517,0.133839517
"Whitcomb, Shay",694376,2025,0.219,0.310786175,0.091786175
"Helman, Michael",680737,2025,0.455,0.31060751,-0.14439249
"Wong, Connor",657136,2025,0.238,0.310077608,0.072077608
"Waters, Drew",671221,2025,0.316,0.309810108,-0.006189892
"Peguero, Liover",678894,2025,0.362,0.309569554,-0.052430446
"Bouchard, Sean",656248,2025,0.242,0.309545489,0.067545489
"Newman, Kevin",621028,2025,0.272,0.309479415,0.037479415
"Hicks, Liam",689414,2025,0.346,0.309358839,-0.036641161
"Banfield, Will",677943,2025,0.1,0.309038408,0.209038408
"Machín, Vimael",605353,2025,0.364,0.308385693,-0.055614307
"Brown, Seth",664913,2025,0.262,0.30835532,0.04635532
"Moore, Dylan",664238,2025,0.374,0.308282778,-0.065717222
"Maldonado, Martín",455117,2025,0.327,0.306967983,-0.020032017
"Allen, Nick",669397,2025,0.251,0.306271359,0.055271359
"Heyward, Jason",518792,2025,0.271,0.305981685,0.034981685
"Chaparro, Andrés",665953,2025,0.258,0.305255556,0.047255556
"Jung, Jace",690291,2025,0.106,0.304779876,0.198779876
"Kennedy, Buddy",671083,2025,0.103,0.304742291,0.201742291
"Ritter, Ryan",690022,2025,0.337,0.304591198,-0.032408802
"Teodosio, Bryce",669326,2025,0.304,0.303428591,-0.000571409
"Feduccia, Hunter",676439,2025,0.205,0.303225743,0.098225743
"Fitzgerald, Tyler",666149,2025,0.327,0.302401805,-0.024598195
"McKinstry, Zach",656716,2025,0.438,0.302301614,-0.135698386
"Kreidler, Ryan",668952,2025,0.105,0.301764788,0.196764788
"Kavadas, Niko",694359,2025,0.1,0.301054358,0.201054358
"Martini, Nick",605361,2025,0.294,0.300958811,0.006958811
"Mateo, Jorge",622761,2025,0.266,0.30042297,0.03442297
"Alexander, CJ",680769,2025,0.176,0.299134371,0.123134371
"Solano, Donovan",456781,2025,0.337,0.299074807,-0.037925193
"Anderson, Tim",641313,2025,0.241,0.299048535,0.058048535
"Taylor, Chris",621035,2025,0.301,0.298580202,-0.002419798
"Harris, Brett",695391,2025,0.342,0.298418071,-0.043581929
"Berti, Jon",542932,2025,0.23,0.298393281,0.068393281
"Alfaro, Jorge",595751,2025,0.308,0.298319975,-0.009680025
"Kim, Hyeseong",808975,2025,0.385,0.298083613,-0.086916387
"Thomas, Rhylan",689041,2025,0.25,0.297579787,0.047579787
"Bae, Ji Hwan",678225,2025,0.05,0.297410755,0.247410755
"McCray, Grant",687529,2025,0.182,0.296892608,0.114892608
"Guillorme, Luis",641645,2025,0.15,0.296341445,0.146341445
"Roden, Alan",702176,2025,0.294,0.29612409,0.00212409
"Keirsey Jr., DaShawn",680577,2025,0.179,0.295156955,0.116156955
"Dalbec, Bobby",666915,2025,0.278,0.294346447,0.016346447
"Frazier, Adam",624428,2025,0.365,0.293858672,-0.071141328
"Kiner-Falefa, Isiah",643396,2025,0.334,0.292776364,-0.041223636
"Barrero, José",676480,2025,0.276,0.292499158,0.016499158
"Dunn, Oliver",686554,2025,0.222,0.292279271,0.070279271
"Bride, Jonah",681146,2025,0.188,0.292173134,0.104173134
"McCusker, Carson",676812,2025,0.172,0.291645966,0.119645966
"Bryant, Kris",592178,2025,0.205,0.28958806,0.08458806
"Vázquez, Christian",543877,2025,0.274,0.28917562,0.01517562
"Dunn, Blake",694362,2025,0.233,0.289144268,0.056144268
"Heineman, Tyler",623168,2025,0.416,0.287727208,-0.128272792
"Robles, Victor",645302,2025,0.33,0.286741854,-0.043258146
"Candelario, Jeimer",600869,2025,0.212,0.285834332,0.073834332
"Pillar, Kevin",607680,2025,0.256,0.285377073,0.029377073
"Williams, Luke",663897,2025,0.194,0.285053696,0.091053696
"Huff, Sam",669087,2025,0.34,0.283184207,-0.056815793
"Iglesias, Jose",578428,2025,0.294,0.281703833,-0.012296167
"Robertson, Will",683770,2025,0.143,0.281699349,0.138699349
"Rivero, Sebastián",665861,2025,0.242,0.281228995,0.039228995
"Siri, Jose",642350,2025,0.125,0.280717969,0.155717969
"English, Tristin",663536,2025,0.136,0.280190581,0.144190581
"Rivas, Leo",660844,2025,0.333,0.278545346,-0.054454654
"Margot, Manuel",622534,2025,0.316,0.2776386,-0.0383614
"Hurtubise, Jacob",674441,2025,0.083,0.276583514,0.193583514
"Jankowski, Travis",608671,2025,0.289,0.276360551,-0.012639449
"Kingery, Scott",664068,2025,0.185,0.276144779,0.091144779
"Rortvedt, Ben",666163,2025,0.205,0.274193274,0.069193274
"Villar, David",681584,2025,0.25,0.274092529,0.024092529
"Hampson, Garrett",641658,2025,0.169,0.272887334,0.103887334
"Herrera, Jose",645444,2025,0.259,0.272214743,0.013214743
"Narváez, Omar",553882,2025,0.286,0.272057983,-0.013942017
"Brennan, Will",686823,2025,0.091,0.27108472,0.18008472
"Ramos, Bryan",682868,2025,0.333,0.268800526,-0.064199474
"Winkler, Jack",676466,2025,0.375,0.268365095,-0.106634905
"Haase, Eric",606992,2025,0.357,0.2672667,-0.0897333
"Lopez, Nicky",670032,2025,0.042,0.264345374,0.222345374
"Black, Tyler",672012,2025,0.375,0.263127652,-0.111872348
"Gurriel, Yuli",493329,2025,0.139,0.261900206,0.122900206
"Caissie, Owen",683357,2025,0.346,0.25270021,-0.09329979
"Handley, Maverick",668974,2025,0.073,0.252251916,0.179251916
"Salazar, César",663967,2025,0.231,0.251917592,0.020917592
"Ahmed, Nick",605113,2025,0,0.251631776,0.251631776
"Stallings, Jacob",607732,2025,0.168,0.250984969,0.082984969
"Sabol, Blake",666165,2025,0.188,0.246610992,0.058610992
"Hiura, Keston",669374,2025,0.278,0.244512973,-0.033487027
"Stevens, Chad",677060,2025,0.154,0.242911768,0.088911768
"Barnes, Austin",605131,2025,0.286,0.241730386,-0.044269614
"Wade, Tyler",642180,2025,0.252,0.241042315,-0.010957685
"Solak, Nick",669256,2025,0.091,0.24095543,0.14995543
"Avans, Drew",682183,2025,0.118,0.232761103,0.114761103
"Julks, Corey",667452,2025,0.417,0.223237512,-0.193762488
"Barnhart, Tucker",571466,2025,0.231,0.221377315,-0.009622685
"Campusano, Luis",669134,2025,0,0.21792094,0.21792094
"Miller, Owen",680911,2025,0.143,0.212751889,0.069751889
"Ornelas, Jonathan",680716,2025,0.222,0.210653017,-0.011346983
"McCoy, Mason",669200,2025,0.182,0.202363276,0.020363276
