"last_name, first_name",player_id,year,pa,k_percent,bb_percent,woba,xwoba,avg_swing_speed,attack_angle,exit_velocity_avg,sweet_spot_percent,barrel_batted_rate,solidcontact_percent,poorlytopped_percent,hard_hit_percent,oz_swing_percent,iz_contact_percent,whiff_percent,pull_percent,straightaway_percent,opposite_percent,groundballs_percent,flyballs_percent,linedrives_percent,n,ff_avg_speed,ff_avg_spin,ff_avg_break,sl_avg_speed,sl_avg_spin,sl_avg_break,ch_avg_speed,ch_avg_spin,ch_avg_break,cu_avg_speed,cu_avg_spin,cu_avg_break,si_avg_speed,si_avg_spin,si_avg_break,fc_avg_speed,fc_avg_spin,fc_avg_break,fs_avg_speed,fs_avg_spin,fs_avg_break,st_avg_speed,st_avg_spin,st_avg_break,sv_avg_speed,sv_avg_spin,sv_avg_break,fo_avg_speed,fo_avg_spin,fo_avg_break,sc_avg_speed,sc_avg_spin,sc_avg_break,fastball_avg_speed,fastball_avg_spin,fastball_avg_break_x,fastball_avg_break_z,fastball_avg_break_z_induced,fastball_avg_break,breaking_avg_speed,breaking_avg_spin,breaking_avg_break_x,breaking_avg_break_z,breaking_avg_break_z_induced,offspeed_avg_speed,offspeed_avg_spin,offspeed_avg_break_x,offspeed_avg_break_z,offspeed_avg_break_z_induced,offspeed_avg_break,Miss_Ability,Damage_Allowed,Air_Ball_Rate,ER,IP,ERA
"Quintana, Jose",500779,2025,556,16,9,0.308,0.346,72,9.9,88.7,35,9.7,6.8,33.3,41.7,26.9,88.2,18.4,31.3,42.5,26.2,42.7,27.2,24,2174,90.4,2095,16.7,,,,85.6,1354,15.4,78.2,2178,8.7,90.5,2094,18.4,,,,,,,,,,78.5,2202,10.7,,,,,,,90.5,2094,11.8,-20.6,12.9,18.1,78.3,2187,-7.5,-48.7,-4.2,85.6,1354,14.7,-33.8,3.7,15.4,0.190333333,29.738,0.512,58,131.2,3.978658537
"Peralta, Freddy",642547,2025,723,28.2,9.1,0.27,0.29,71.5,10.4,88,33.9,9.3,5.2,26.9,34.5,28.4,78.3,30.1,34.1,36.3,29.6,37.5,28.9,22.6,3086,94.8,2441,17.5,83.7,2454,9.2,88.9,1929,17.3,78.8,2336,8.3,,,,,,,,,,,,,,,,,,,,,,94.8,2441,-4.6,-13.9,16.8,17.5,80.7,2380,5.5,-43.9,-1.5,88.9,1929,-16.8,-31.2,3.7,17.3,0.267333333,29.47933333,0.515,53,176.2,2.707150965
"Littell, Zack",641793,2025,759,17.1,4.2,0.311,0.323,72.3,11.6,90.2,32.7,9.9,7.3,29,40.9,30.8,85.9,20.4,40.9,38.8,20.3,40.7,27.8,23.3,2788,92.1,2005,17.8,87.3,2199,7.7,,,,,,,91.5,2028,18.9,,,,83.4,1105,12.2,79.5,2166,12.5,,,,,,,,,,91.9,2014,-10,-17.8,14.6,18.2,86,2194,3,-31.6,5.4,83.4,1105,-11.7,-40.4,-0.9,12.2,0.217666667,30.236,0.511,79,186.2,3.818474758
"Walker, Taijuan",592836,2025,538,16,7.8,0.337,0.326,72.4,11.1,89.6,32.3,7.4,7.1,33,41.4,25.8,87.7,18.5,37.9,37.4,24.6,44.8,24.6,22.9,2061,92.2,2128,19.5,83.6,2467,9.2,,,,74.9,2420,12.5,92,1963,19.4,87.1,2434,13.3,87.4,1454,13.3,,,,,,,,,,,,,89.6,2226,-4.9,-20.8,13.3,16.3,80.4,2450,6.8,-43,-0.3,87.4,1454,-12.4,-31.9,3.9,13.3,0.188666667,30.02933333,0.475,56,123.2,4.090909091
"Boyd, Matthew",571510,2025,718,21.4,5.8,0.287,0.3,71.8,9.2,88.5,31.4,9,4.7,24.8,38,28.8,82.3,23.1,36.6,36.3,27.1,39,30.4,21.1,2746,93.3,2318,18.6,82,2485,3.6,78.7,1818,16.9,73.5,2326,14.2,91.5,2280,19.5,,,,,,,,,,,,,,,,,,,93.2,2316,13.5,-18.9,12.7,18.6,78.3,2416,-6.1,-48.6,-3.5,78.7,1818,15.7,-38.5,5.7,16.9,0.232,29.65666667,0.515,64,179.2,3.214285714
"Rodón, Carlos",607074,2025,789,25.7,9.3,0.266,0.283,72.5,11.6,88.6,32.3,7.5,6.5,31.2,38.9,29.2,80.3,30.3,37.3,37.7,25,44,27.6,21.6,3212,94.1,2347,20.8,85.9,2633,6.5,85,1650,13.4,80.3,2717,15.2,91.9,2256,16,92.4,2383,9.5,,,,,,,,,,,,,,,,93.7,2330,11.5,-15.9,15.5,19.8,85.2,2643,-5.8,-40,-2.2,85,1650,12.7,-34.2,3.7,13.4,0.264,29.688,0.492,67,195.1,3.090722706
"Strider, Spencer",675911,2025,539,24.3,9.5,0.344,0.339,71.6,11,91.3,39.5,10.6,7.7,28.1,42.7,28.8,82.5,30.6,40.4,35.8,23.8,37.5,31.5,26.1,2110,95.5,2300,18.8,84.1,2285,6.2,85.9,1957,15.8,78.4,2662,12.3,,,,,,,,,,,,,,,,,,,,,,95.5,2300,-8.9,-13.7,16.4,18.8,83,2361,6.1,-39,0.7,85.9,1957,-14,-30.5,6.6,15.8,0.256333333,30.611,0.576,62,125.1,4.460431655
"Irvin, Jake",663623,2025,787,15.8,7.9,0.355,0.36,72,11.3,90.4,34.8,11.9,5.2,30.6,47.1,26.6,88.3,18.2,43.2,36.8,20,43.5,27.9,23.2,2944,92.4,2332,17.6,83.7,2488,8,85.6,2198,16.5,77.8,2486,15.8,91.9,2290,17.9,87.4,2469,8,,,,,,,,,,,,,,,,91.8,2326,-11.2,-21.5,11,17,78.6,2486,13.9,-48.2,-3.6,85.6,2198,-15.6,-32.6,4.7,16.5,0.188333333,30.33,0.511,114,180,5.7
"Fried, Max",608331,2025,801,23.6,6.4,0.272,0.287,71.9,8.3,87.2,29.6,6.9,4,37.4,37.2,27.6,81.5,26.6,41,36.7,22.3,52.6,21.2,20.1,3109,95.8,2211,15.4,85.3,2538,6.7,85.2,1659,14.1,75.2,2920,20,94,2132,11.1,93.6,2302,9.3,,,,81.5,2838,18.2,,,,,,,,,,94.2,2231,3,-21.9,8.8,11.2,78.2,2864,-12.7,-56.4,-10.9,85.2,1659,13.4,-34.1,3.6,14.1,0.242333333,29.21366667,0.413,62,195.1,2.860071758
"Webb, Logan",657277,2025,856,26.2,5.4,0.303,0.294,71.9,8.3,89.7,32.8,8.3,4.1,40.4,40.2,29.7,86.2,24.7,36.3,39.6,24.2,54.2,16.9,25.6,3282,92.8,2118,14.1,,,,86.5,1502,10.5,,,,92.6,1959,15.9,91.1,2225,8.2,,,,84.6,2543,14.8,,,,,,,,,,92.4,2027,-12.5,-28.9,3.2,14.4,84.6,2543,14.6,-38.7,-0.5,86.5,1502,-8.5,-42,-5.6,10.5,0.227333333,30.06166667,0.425,74,207,3.217391304
"Verlander, Justin",434378,2025,662,20.7,7.9,0.32,0.319,71.6,11.7,88.6,37.3,8.1,6.4,21.2,37,28.1,80.7,24.8,44.8,33,22.3,35.5,30,25.3,2608,93.9,2433,20.7,87.1,2500,7.3,84.7,1729,16.2,78.5,2748,14.6,93.3,2474,20.4,,,,,,,80.7,2672,12.1,,,,,,,,,,93.9,2433,-8.9,-12.6,18.6,20.7,83.3,2609,6.5,-41.2,-1.4,84.7,1729,-13,-28.9,9.4,16.2,0.240666667,29.68366667,0.553,65,152,3.848684211
"Smith, Shane",681343,2025,616,23.5,9.4,0.296,0.31,71.8,8,90.3,35.4,6.7,7.2,30.7,45.4,25.1,80,27.7,36.7,34.2,29.2,41.1,27.9,26.4,2419,95.7,2281,16.2,89.5,2207,5.1,90,1588,14.9,82.1,2216,13.3,95.7,2124,18.2,,,,,,,88.1,2150,15.4,,,,,,,,,,95.7,2247,-9,-16.7,13.2,16.6,85.3,2212,4.4,-42.8,-4.9,90,1588,-14.6,-32.5,1.4,14.9,0.242666667,30.27366667,0.543,62,146.1,3.819301848
"Allen, Logan",671106,2025,676,18,9.2,0.323,0.325,72,8.9,88.6,32.8,9.1,7,30.7,37.5,23.5,84.4,20.6,38.1,35.7,26.2,45.6,23.5,22.7,2632,91.2,2227,17.6,,,,82.4,957,12,,,,89,1964,16.8,85.6,2271,8.2,,,,78,2299,14.6,,,,,,,,,,89.6,2176,5.9,-21.4,12.8,15.6,78,2299,-14.3,-44.4,0.7,82.4,957,9.8,-34.4,6,12,0.199,29.68866667,0.462,74,156.2,4.263764405
"Lugo, Seth",607625,2025,611,20.5,9,0.329,0.349,72,12,90.7,34.8,11.1,9.6,26.4,45.2,23.8,86.6,20.6,40.2,37.6,22.1,39.3,27.5,26.6,2380,91.7,2352,17.1,83.2,2615,8.5,86.2,1670,15.7,77.3,3111,19.4,91.3,2398,18,89.2,2453,11.2,84.3,1416,10.8,80.6,2754,14,79.1,2961,17.2,,,,,,,90.9,2394,-7.3,-20.8,12.2,15.7,78.7,2989,13.9,-51.8,-7,86.1,1655,-14.5,-32.4,4.4,15.4,0.192666667,30.421,0.541,67,145.1,4.155754652
"Falter, Bailey",663559,2025,518,15.6,8.9,0.324,0.34,71.5,9.1,90.5,32.3,9.5,7.2,25.6,45.1,24.8,86.8,18.1,40.8,34.9,24.4,36.2,29,24.4,1951,92.1,2126,19,85.1,2047,8.5,,,,78,1872,4.7,92.2,2026,19.8,,,,85.3,933,11.6,,,,,,,,,,,,,92.2,2110,4.4,-13.8,18.5,19.2,82.1,1972,-4.3,-38,2.8,85.3,933,3.8,-27.1,10.5,11.6,0.187,30.34866667,0.534,62,125.1,4.460431655
"Holmes, Clay",605280,2025,708,18.2,9.3,0.302,0.322,72.1,11.9,89.7,30.5,6.8,8.6,43.1,42.3,29.3,88.2,22.1,43.5,38.3,18.2,55.9,18.2,21.6,2764,93.2,2303,15.5,85.3,2592,5,88.1,1105,12.6,,,,93.7,2179,15.4,89.8,2447,5.7,,,,81.9,2815,17.9,,,,,,,,,,93.1,2232,-11.7,-27.4,4.3,13.9,83.2,2735,11.4,-45.3,-5.4,88.1,1105,-12.1,-35.1,0.3,12.6,0.210666667,30.06366667,0.398,65,165.2,3.541162228
"Mikolas, Miles",571945,2025,669,14.9,5.5,0.342,0.351,71.9,10,89.3,34,12.7,6,30.8,41.8,25.5,87,16.5,43.1,35.2,21.7,40.8,30.8,21.9,2480,92.9,2217,17.3,87.8,2276,7.9,85.9,1659,16.3,76,2579,17.5,92.4,2131,18.1,,,,,,,80.7,2453,12.5,,,,,,,,,,92.7,2185,-11,-19.2,12.8,17.5,82.6,2409,5.6,-43.2,-2.4,85.9,1659,-14.6,-30.3,6.8,16.3,0.183333333,29.94833333,0.527,84,156.1,4.843049327
"Sánchez, Cristopher",650911,2025,807,26.3,5.5,0.264,0.271,72,11.1,89,27,5.7,4.6,43.5,39.8,31.6,78,30.4,40.6,37.4,22,58.5,16.9,22,2895,,,,85.7,2089,3.6,86.3,2043,17.1,,,,95.4,2137,19,,,,,,,,,,,,,,,,,,,95.4,2137,18.3,-25.8,4.5,19,85.7,2089,-1.6,-37.9,-0.5,86.3,2043,16.9,-38.1,-1.1,17.1,0.28,29.81833333,0.389,56,202,2.495049505
"Corbin, Patrick",571578,2025,663,19.8,7.7,0.328,0.335,72.4,13.1,89.2,34.7,8.4,6.5,29.5,40.4,29.6,84.1,26.9,45,34.1,20.9,41,27.4,25.5,2588,91.5,2145,17.6,80.4,2229,3,81.5,1524,15.7,68.7,1913,4.1,91.6,2091,18.9,87.5,2324,6.8,,,,,,,,,,,,,,,,89.8,2198,7.7,-24.9,9.3,13.5,80.2,2223,-2.4,-42.4,0.4,81.5,1524,12.6,-32.8,8.8,15.7,0.241333333,29.896,0.529,76,155.1,4.410058027
"Valdez, Framber",664285,2025,802,23.3,8.5,0.295,0.301,72.3,10.4,90.8,28.1,6.7,5,45.6,46.3,29.8,84.7,26.6,39.1,39.4,21.5,59.4,16.5,21.7,2891,94.3,2248,13.1,84.4,2537,5.5,89.8,1708,14.9,79.4,2943,19.9,94.2,2200,17.1,,,,,,,,,,,,,,,,,,,94.2,2201,15.6,-25.1,6,17,79.9,2908,-12.3,-57.3,-13.7,89.8,1708,14.7,-33.4,0.8,14.9,0.239,30.44333333,0.382,78,192,3.65625
"Bassitt, Chris",605135,2025,736,22.6,7.1,0.324,0.317,71.5,8.6,87.7,34.5,8.5,4,33.1,36.6,25.2,81.5,23.3,41.4,36.4,22.2,46.1,21.6,24.2,2829,91.5,2149,12.6,83.6,2372,6.5,84.5,1909,17.1,71.3,2276,20.5,91.6,2102,17,88.5,2223,8.9,83.6,1366,14.7,72.6,2336,19.4,,,,,,,,,,90.8,2139,-10.5,-26.9,6.5,14.4,73,2301,16.1,-60.2,-7.6,83.9,1570,-15.1,-38.2,0.9,15.6,0.223333333,29.38366667,0.458,75,170.1,3.968253968
"Ryan, Joe",657746,2025,689,28.2,5.7,0.29,0.289,72.2,7.9,90.2,33.1,11.5,6.3,26.4,41.9,25.2,78.1,26.1,36,37.4,26.6,36.9,32.2,20.3,2794,93.7,2295,18.7,87.9,2333,7.2,,,,79.2,2817,16,93.2,2141,18.6,,,,87.6,2014,15.5,80.7,2786,16,,,,,,,,,,93.6,2264,-13.4,-18.8,12.7,18.7,83,2631,9.8,-39.2,1,87.6,2014,-15.2,-34.8,1.1,15.5,0.244,30.24466667,0.525,65,171,3.421052632
"Sale, Chris",519242,2025,510,32.4,6.3,0.278,0.263,70.9,9.6,87.2,36.4,6.3,4,28.8,35.4,32.2,81.1,30.1,37.7,35.1,27.2,40.1,30.8,24.2,2031,94.8,2266,17.8,79.1,2356,11.3,86.6,1824,16.6,,,,93.8,2098,18.3,,,,,,,,,,,,,,,,,,,94.8,2253,15.2,-22,8.7,17.8,79.1,2356,-10.5,-47,-2.9,86.6,1824,16.5,-37.2,-0.6,16.6,0.270666667,29.20566667,0.55,36,125.2,2.587859425
"Cease, Dylan",656302,2025,722,29.8,9.8,0.313,0.289,71.5,11.3,88.9,36.6,8.6,7.7,26.1,37.5,31,77.3,33.4,41,35.9,23.1,37.3,30.3,23.8,3044,97.1,2550,19,89.1,2763,4.3,77.3,1681,19.9,82.3,2746,16,95.8,2477,18,,,,,,,84.4,2914,14.4,,,,,,,,,,97,2544,-4.3,-11.1,18.1,18.9,87.7,2771,2.2,-36.2,-0.4,77.3,1681,-8.5,-28.4,17.9,19.9,0.290333333,29.787,0.541,85,168,4.553571429
"Vásquez, Randy",681190,2025,570,13.7,9.1,0.311,0.353,72.4,10.3,89.1,34.2,10.9,6.2,27.7,39.3,25.1,88.6,15.7,38.1,35.8,26.1,40.2,27.9,21,2148,93.4,2380,18.2,85.8,2761,7.7,86.9,2065,19.3,81.2,3059,14.1,93.2,2337,19.3,90.2,2515,11.3,,,,82.1,2990,14.1,,,,,,,,,,92.1,2419,-6.9,-19.8,12.5,15.9,82,3004,11.9,-41.3,-0.4,86.9,2065,-18.5,-31.5,4.9,19.3,0.174,29.86733333,0.489,57,133.2,3.851351351
"Skenes, Paul",694973,2025,733,29.5,5.7,0.247,0.253,71.2,9.4,87.6,29.4,5.8,5.1,34.8,40.1,30.5,76.7,30.1,40.9,37.7,21.3,44.6,24.9,22.8,2997,98.2,2255,18.3,85.3,2316,8.9,88.7,1808,17.6,83.9,2438,6.9,97.6,2268,18.8,,,,93.7,1676,13.8,84.5,2333,13,,,,,,,,,,98.1,2258,-14.7,-18.1,10.5,18.4,84.5,2349,8.7,-33.8,4.6,91.5,1734,-14.8,-30.5,2.4,15.5,0.279666667,29.353,0.477,41,187.2,1.971153846
"Hendricks, Kyle",543294,2025,695,16.4,6.2,0.324,0.308,72.2,10,86.1,32.6,8.3,4.9,29.6,34.3,31.6,85.2,18.3,33.4,42.8,23.8,39.2,28.9,22.9,2571,86.5,2051,15.6,,,,79.5,2077,14.9,72.2,2823,19,86.2,1981,15.7,,,,,,,,,,,,,,,,,,,86.3,2001,-11.6,-27.5,9.2,15.7,72.2,2823,15.7,-63.3,-10.1,79.5,2077,-10.9,-34.8,8.5,14.9,0.215666667,28.842,0.518,87,164.2,4.768574909
"Rodriguez, Eduardo",593958,2025,694,20.6,8.6,0.353,0.327,72,7.6,88.2,35.8,8.2,7,27.2,35.2,29.2,82.3,23,38.9,32.3,28.8,38.9,23.9,27.4,2588,92,2304,16.1,84.1,2177,6.3,85.9,1933,17.2,78.6,2357,9.6,91.5,2286,17.3,89.3,2266,9.8,,,,,,,,,,,,,,,,91.4,2293,4.9,-19.3,13.4,14.9,81.8,2253,-4.7,-42.9,-1.9,85.9,1933,15.9,-31,6.1,17.2,0.233,29.54466667,0.513,86,154.1,5.022712524
"Nelson, Ryne",669194,2025,619,21.3,6.6,0.284,0.306,71.4,7.7,91.4,36.2,7.5,8.4,29.4,45.5,27.8,84.4,21.6,34.6,41.9,23.5,40,28.1,26.2,2466,95.7,2270,19.6,86.3,2415,6.1,87,1799,18.4,80,2568,11.7,,,,90.5,2227,8,,,,,,,,,,,,,,,,94.8,2263,-2.3,-13.3,17.2,17.7,83.3,2488,6.4,-43.2,-3.7,87,1799,-13.1,-23.5,12.7,18.4,0.216666667,30.64333333,0.543,58,154,3.38961039
"Kirby, George",669923,2025,524,26.1,5.5,0.3,0.305,71.7,8,90.6,35.3,8.5,6,33,43.9,29.8,82.9,26.7,33.6,37.6,28.8,44.4,23.4,26.8,2086,96.1,2283,16.9,87.1,2372,11.6,87.8,1423,16.7,84.3,2371,16.1,96.3,2255,19,,,,86,918,12,,,,,,,,,,,,,96.2,2270,-13.3,-18.3,11.3,17.9,86.3,2372,10.4,-43,-6.1,86.8,1146,-13.3,-32.8,3.5,14.1,0.245333333,30.37466667,0.502,59,126,4.214285714
"Soriano, José",667755,2025,724,21,10.8,0.309,0.313,72.3,9.7,91.4,26.8,7.2,5.1,50.6,48.2,26.8,85.2,27,36.7,42.4,20.9,66,12.1,20.3,2784,97.9,2225,15.9,89.1,2428,3.1,86.9,1221,7.9,85.2,2489,16.1,97.2,1922,13.8,,,,92.3,1479,10.6,,,,,,,,,,,,,97.3,1967,-12.5,-24.2,4.6,14.1,86,2478,10.6,-45.4,-8.1,92.1,1469,-10.2,-32.6,-0.5,10.5,0.228666667,30.65133333,0.324,80,169,4.26035503
"Sears, JP",676664,2025,583,20.1,6.2,0.352,0.319,71.7,9.1,89.2,33.5,9.4,8,21.9,39.4,25.2,81.4,21.6,39.9,38.9,21.2,30.2,36.6,24.1,2366,92.2,2018,18.5,80.7,2298,10.8,83.4,1506,17,79.5,2356,5.1,90.4,1899,17.7,88,2117,13.2,,,,79.2,2315,14.5,,,,,,,,,,91.9,2002,12.3,-19.4,13.1,18.3,79.5,2316,-10.1,-37.3,6.3,83.4,1506,16.5,-35.9,3.6,17,0.218,29.896,0.607,76,135.2,5.059171598
"Severino, Luis",622663,2025,705,17.6,7.1,0.313,0.33,71.5,8.1,88.3,35.3,6,8,28,41.9,26.3,85.6,18.3,36.9,37.3,25.8,41.9,23.7,27.2,2731,96.1,2284,17.9,87,2483,8.3,86.2,1597,16,,,,95.6,2121,18.7,93.2,2287,9.6,,,,84.5,2580,16.4,,,,,,,,,,95.2,2235,-7.2,-17.2,13.2,15.9,84.9,2567,14.5,-35.7,2.5,86.2,1597,-13.8,-29.7,7.2,16,0.196666667,29.593,0.509,82,162.2,4.549938348
"Alcantara, Sandy",645261,2025,745,19.1,7.7,0.311,0.329,72.3,10.2,90.7,33,8.6,5.6,36,45,29,86.3,20.9,44.8,32.1,23.1,46.6,24.1,24.6,2891,97.7,2287,19.3,89.4,2353,5.5,90.4,2088,18.3,85.3,2442,3.9,97.2,2322,19.4,,,,,,,,,,,,,,,,,,,97.4,2308,-16.1,-18.7,10.3,19.4,87.2,2400,1.9,-34.5,1.5,90.4,2088,-17.5,-28.8,4.8,18.3,0.212,30.412,0.487,104,174.2,5.373134328
"Ober, Bailey",641927,2025,624,19.2,5,0.344,0.323,72.1,14.4,89.6,33.8,10.9,6,18.8,39.1,33.8,83.4,24.1,43.6,33.1,23.3,30.6,34,23.1,2356,90.3,2289,18.8,83.7,2030,7.9,83.3,2029,19,75.1,2093,11,90.3,2115,17.8,,,,,,,78.4,2099,11.6,,,,,,,,,,90.3,2275,-8.7,-17.3,16.3,18.8,81,2060,6.8,-39,2.9,83.3,2029,-17.9,-33.8,5.8,19,0.248333333,30.03333333,0.571,83,146.1,5.112936345
"Bradley, Taj",671737,2025,605,21,9.3,0.314,0.313,72.3,9.5,89.2,31.8,7.2,6.2,32.8,39.9,26.6,83.7,23.6,41.9,32.8,25.4,43.3,26.6,22,2272,96.2,2326,19.6,,,,,,,81.8,2557,15.3,96,2150,18.8,89.6,2178,7.3,91.2,1700,15.9,,,,,,,,,,,,,94.1,2256,-3.5,-17.1,13.9,15.5,81.8,2557,4,-55.8,-14.7,91.2,1700,-12.7,-23.9,8.9,15.9,0.221666667,29.89033333,0.486,80,142.2,5.063291139
"Paddack, Chris",663978,2025,670,16.7,5.5,0.336,0.344,71.6,9.1,90.7,35.9,10.2,8.7,26.8,45.6,31.7,84.7,20.7,39.2,33.2,27.6,37.5,28.2,24.5,2565,93.7,2244,20.2,85.6,1984,6.7,84.5,1808,15.9,78.2,2112,14.2,93.5,2139,19.7,88.6,2031,10.6,,,,,,,,,,,,,,,,93,2206,-8.1,-14.9,16.8,19,81.4,2057,4.4,-46.6,-4.9,84.5,1808,-14.9,-33.9,4.6,15.9,0.225666667,30.41933333,0.527,94,158,5.35443038
"Anderson, Tyler",542881,2025,599,17.4,9.5,0.341,0.346,72.2,13.1,88,41.8,11,6.4,20,36.6,29.8,82.2,25,39.1,37.7,23.2,29.4,34.9,25.5,2339,89.3,2185,20.7,80.7,2332,7.5,78.7,1916,18.2,69.2,2034,10.3,88.4,2141,19.9,84.3,2294,13.7,,,,,,,,,,,,,,,,87.6,2218,4.6,-18.9,16.9,18.4,79.9,2311,-3,-38.1,4.9,78.7,1916,13.2,-32.2,12.2,18.2,0.242,29.492,0.604,69,136.1,4.562821455
"May, Dustin",669160,2025,584,21.1,9.6,0.342,0.348,72.3,8.8,90.6,34.9,9.2,7.6,30.3,44.5,25.5,86.6,20,37.9,36.4,25.7,42.7,26.2,25.7,2169,95.4,2344,17.2,,,,89.1,1337,14.4,,,,94.5,2411,19.4,91.4,2496,7.2,,,,85.2,3182,17.2,,,,,,,,,,94.3,2406,-13.5,-23.1,7.8,16.8,85.2,3182,16.9,-40.4,-2.3,89.1,1337,-13.8,-33.1,1.7,14.4,0.196333333,30.379,0.519,73,132.1,4.973504921
"Gray, Sonny",543243,2025,753,26.7,5,0.314,0.306,72.6,11.3,88.9,34.8,9.8,7.3,33.1,40.7,31.2,85.6,27.5,38.8,36.6,24.6,45.1,23.2,24.4,2718,91.7,2502,10.7,84.4,2620,5.6,86.2,1860,15.6,80.2,2583,18.8,92.4,2391,13.6,87.8,2680,6.5,,,,85.1,2661,15.6,,,,,,,,,,91,2507,-1.7,-25.2,7.8,10.7,82.8,2623,13.5,-48.8,-8.5,86.2,1860,-13.7,-30.1,6.9,15.6,0.243666667,29.80166667,0.476,86,180.2,4.295227525
"Lodolo, Nick",666157,2025,642,24.3,4.8,0.293,0.29,71.6,10.9,88.8,31,8.1,6.6,31.7,40.5,32.8,82.1,27.5,34.6,35.7,29.6,44.6,27.1,21.3,2478,93.9,2284,19.2,,,,87.9,1834,17.4,81.9,2569,8.8,93.7,2307,19.7,,,,,,,,,,,,,,,,,,,93.8,2294,17.6,-23.6,7.7,19.4,81.9,2569,-8.4,-40.8,0,87.9,1834,17.1,-33.8,1.8,17.4,0.260666667,29.762,0.484,58,156.2,3.341869398
"Mize, Casey",663554,2025,627,22.2,5.7,0.319,0.296,72.4,10.2,90,36.1,9.1,6.7,30.1,42.5,28.5,80.9,24.1,36.3,37.9,25.8,40.3,29.2,23.8,2353,94.6,2251,19.1,88.2,2188,5.8,,,,,,,94.8,2216,19.4,,,,88.6,1445,15.3,,,,83.6,2262,7.7,,,,,,,94.6,2242,-9.7,-14.4,16.2,19.2,86.1,2222,4.4,-34.6,2.3,88.6,1445,-14.4,-30.5,4.4,15.3,0.239,30.172,0.53,64,149,3.865771812
"Berríos, José",621244,2025,698,19.8,8,0.325,0.337,72.5,11.7,90.3,32.6,11.3,5.2,33,42.5,28.2,86.5,22,40,37.4,22.5,42.3,27.4,22.1,2584,93,2130,18.2,,,,85.2,1554,15.3,,,,92.2,2028,19.4,89.6,2308,10.3,,,,,,,82.5,2362,15.7,,,,,,,92.2,2088,-12.5,-20.3,12.1,18.1,82.5,2362,14.9,-45,-4.5,85.2,1554,-14.4,-33.5,4.3,15.3,0.212333333,30.27933333,0.495,77,166,4.174698795
"Woo, Bryan",693433,2025,731,27.1,4.9,0.259,0.273,71.9,6.4,89.1,32.5,9.1,6.3,30.8,41.8,30.1,79.9,26.2,32.9,38.7,28.4,41.4,26.8,22.9,2714,95.7,2296,18,88.5,2226,6,89.6,1827,17.1,,,,95.4,2303,17.8,,,,,,,85.1,2485,11.9,,,,,,,,,,95.6,2298,-12.1,-18.2,11.8,17.9,86.8,2354,6.7,-31.9,4.5,89.6,1827,-16.2,-29.6,4.6,17.1,0.254666667,29.86966667,0.497,61,186.2,2.948442535
"Keller, Mitch",656605,2025,749,20,6.8,0.313,0.325,71.5,7.9,90.1,34.6,7.8,7.3,31.7,43.8,25.8,87,20.6,38.7,35.8,25.5,44.3,24.4,24.2,2870,94.1,2404,17.6,86.9,2531,5.2,89.2,2031,14.5,77.4,2612,18.6,92.9,2460,17.2,92.4,2427,9.7,,,,82.3,2714,17.7,,,,,,,,,,93.7,2423,-10.3,-17.9,13.3,17.4,83,2632,12,-42.8,-2.8,89.2,2031,-14,-32.2,2.3,14.5,0.198,30.20533333,0.486,82,176.1,4.190800681
"Suárez, Ranger",624133,2025,651,23.2,5.8,0.298,0.277,71.9,11.2,86.5,29.2,5.5,5.9,32.9,31.1,30.5,84.1,22.2,35.3,40.1,24.6,48,24.8,20.4,2430,91.3,1950,13.1,79.7,2163,10.3,79.5,1287,12.4,73.9,2109,14.5,90.1,1981,16.6,86.4,2111,7,,,,,,,,,,,,,,,,89.3,2011,8.1,-27.6,6.9,13,75.1,2120,-10.7,-54.7,-5.7,79.5,1287,10.9,-40.3,3.3,12.4,0.228666667,28.95533333,0.452,56,157.1,3.208147677
"Gallen, Zac",668678,2025,813,21.5,8.1,0.315,0.319,72,11.9,90.1,34.3,9.7,7.6,31.5,43,28.6,88.6,23.7,42.1,33.1,24.8,44.4,30.3,22,3134,93.5,2322,17.8,88,2379,7.4,86.3,1517,13.1,81.1,2441,12.6,93.3,2156,17.8,89.5,2338,10.3,,,,,,,,,,,,,,,,93.1,2315,-3.8,-15.5,16.2,17,82.7,2427,5.1,-48,-7.8,86.3,1517,-12.3,-32.7,4,13.1,0.212333333,30.209,0.523,103,192,4.828125
"Freeland, Kyle",607536,2025,709,17.5,5.4,0.341,0.339,72.9,10.8,91.1,36.8,9.4,7.2,29.8,47.3,29.7,88.4,21,43.6,35.9,20.5,41.6,25.3,28.7,2482,91.6,2401,17.1,,,,86.4,1487,14.3,82.6,2395,7.2,91.3,2273,16.3,87.3,2372,6.5,,,,83.6,2336,10.5,,,,,,,,,,90.3,2379,6.5,-21.7,11.8,14,82.9,2376,-4.5,-45.1,-5.4,86.4,1487,12.3,-29.9,6.7,14.3,0.207666667,30.55566667,0.54,90,162.2,4.993834772
"Pallante, Andre",669467,2025,715,15.5,8.7,0.334,0.322,71.7,8,89.2,28.7,6.5,4.9,45.5,39.9,25.5,86.8,22.3,42.7,35.3,22,59.9,18.1,19.2,2720,94.5,2303,10.4,87.4,2405,5.6,,,,78.2,2804,16.7,95,2202,17.6,,,,,,,85,2527,13.1,,,,,,,,,,94.6,2280,-2.6,-19.6,11,12,84.4,2536,4.4,-44.5,-5.8,,,,,,,0.203333333,29.888,0.373,96,162.2,5.32675709
"Rea, Colin",607067,2025,662,19.2,6.6,0.314,0.329,71.8,8.8,89.8,38.8,10.3,6.8,27.8,41,28.5,85.2,22,39.2,31.3,29.5,40,24.3,27,2533,93.8,2194,16.5,85.2,2218,4.8,,,,80.3,2209,12.9,93,2153,17,88.2,2209,8.4,87.4,1418,13.5,82.8,2450,14.3,,,,,,,,,,93,2189,-8.3,-19.4,12.3,15.6,82.8,2290,9.2,-42.4,-2.4,87.4,1418,-13.3,-36.1,-0.2,13.5,0.217666667,30.10433333,0.513,70,159.1,3.959773727
"Kremer, Dean",665152,2025,708,20.1,6.4,0.305,0.302,71.7,11.5,88.1,32.8,8.5,8.3,27.8,35.8,30.1,83.7,22.9,38.6,36.5,24.9,40.2,28.4,23.7,2692,93.3,2277,19.7,83.9,2471,2.7,,,,78.3,2772,13.3,92.9,2158,19.4,86.9,2401,7.9,81.9,1130,14.7,,,,,,,,,,,,,91.2,2280,-5.9,-20.4,12.7,16,78.4,2770,6.1,-56.1,-11.4,81.9,1130,-10.6,-31,9.7,14.7,0.231,29.51433333,0.521,80,171.2,4.205607477
"Wacha, Michael",608379,2025,716,17.6,6.3,0.299,0.317,71.9,12.5,87.5,36.7,7.4,5.6,25.6,34.6,28.3,84,21.3,40.2,35.7,24.1,37.8,27.2,25.2,2665,93.1,2160,19.3,84.9,1954,6.3,79.8,1537,15.9,75.1,2260,16.7,93.2,2045,19.8,88.2,2118,10,,,,,,,,,,,,,,,,91.7,2121,-5.5,-17.4,15.1,16.8,81.1,2073,7,-44.2,-2,79.8,1537,-13,-35.6,7.5,15.9,0.218666667,29.30666667,0.524,74,172.2,3.867595819
"Kikuchi, Yusei",579328,2025,772,22.5,9.6,0.327,0.326,72.5,8.5,91,34.2,9.4,6.3,29.4,42.2,26.9,83,23.6,40.9,34.5,24.6,40.3,27.6,25.7,3094,94.8,2185,18.2,87,2295,5.9,85.6,1541,15.4,79.9,2526,9.5,92.7,2157,17.6,,,,,,,80.8,2389,14.3,,,,,,,,,,94.8,2185,9.6,-15.5,15.2,18.2,84.9,2364,-4.1,-37.3,0.9,85.6,1541,13.6,-30.7,6.7,15.4,0.225,30.50533333,0.533,79,178.1,3.992139248
"Cecconi, Slade",677944,2025,545,20,5.9,0.319,0.342,71.3,10,91.7,37.2,12.2,8.5,29.7,49.1,22.7,84.5,22.5,41.6,34.7,23.7,41.4,28.2,24.2,2063,94.3,2394,19.2,84.3,2565,6,84.3,1618,14.7,75.5,2398,15.9,93.6,2266,18.5,88.9,2299,7.4,,,,82,2596,12.6,,,,,,,,,,94,2365,-11.3,-17.1,14,18.5,80.2,2487,7.2,-48.9,-5.7,84.3,1618,-14.1,-35.2,3.3,14.7,0.202333333,30.771,0.524,63,132,4.295454545
"Pivetta, Nick",601713,2025,721,26.4,6.9,0.256,0.308,71.8,10.9,90.3,36.4,10.9,7.7,24.1,45,28.2,80.9,24.6,38.5,37.7,23.8,34.1,33.3,23.4,2851,93.8,2325,20,80.4,2583,7.1,,,,79,2797,18.3,93.3,2236,19.8,89.9,2351,11.8,86.7,1603,17.8,81.9,2443,14.1,,,,,,,,,,93.2,2325,-1.9,-13.4,18.3,18.9,80.3,2637,9.8,-50.6,-7.7,86.7,1603,-7.9,-24.4,12.3,17.8,0.239666667,30.28633333,0.567,58,181.2,2.880794702
"Houser, Adrian",605288,2025,518,17.8,7.3,0.312,0.311,72.4,9.3,90.2,30.3,6.1,5.8,38.7,47.6,29,88.9,18.1,42.1,37.6,20.3,48.9,20.8,23.7,1892,95.2,2301,18.5,88.1,2432,5.7,85.8,1613,16.8,81.7,1965,14.3,94.4,2202,18.6,,,,,,,,,,,,,,,,,,,94.6,2222,-15.8,-22,8.6,18.6,85.4,2231,4.6,-40.4,-2.6,85.8,1613,-15.7,-32.5,4.6,16.8,0.194,30.24566667,0.445,46,125,3.312
"Ray, Robbie",592662,2025,755,24.6,9.7,0.299,0.298,71.9,10.9,91,35.4,9.6,6.5,25.6,44.7,27.7,80.6,27.8,39,35.2,25.8,36.6,33.1,23.4,3069,93.6,2360,20,87.9,2269,9.5,84.8,1650,16.5,81.2,2185,6,,,,,,,,,,80,2206,12,,,,,,,,,,93.6,2360,8.2,-13.2,18.2,20,85.5,2239,-0.3,-33.4,4,84.8,1650,11.4,-26.3,11.7,16.5,0.249666667,30.51433333,0.565,74,182.1,3.657331137
"Elder, Bryce",693821,2025,679,19.3,7.5,0.336,0.332,72.6,11.8,90,34,7.7,7.3,34.8,43.8,28.4,89.2,22.5,44.2,36.5,19.3,48.9,25.1,23.8,2514,92.8,2226,15.8,84.3,2491,3.1,86.6,2175,13,,,,91.5,2093,16.8,,,,,,,,,,,,,,,,,,,91.8,2123,-12,-22.7,9.8,16.5,84.3,2491,1.9,-38.7,-0.1,86.6,2175,-11.8,-31.7,4.7,13,0.205666667,30.17166667,0.489,92,156.1,5.30429212
"Pfaadt, Brandon",694297,2025,767,19.2,4.8,0.339,0.353,72.4,11.2,90.8,39.1,10.9,6.7,30.2,45.8,30.3,86,22.1,44.6,35.1,20.4,42.3,23.9,28.4,2918,93.6,2568,16.8,,,,87.3,2115,16.7,82.1,2673,13.7,93.1,2426,16.8,89.8,2756,7.5,,,,84.8,2844,12,,,,,,,,,,92.8,2539,-8.5,-21.3,10.5,15.3,83.8,2785,10.5,-38.5,0.6,87.3,2115,-16.1,-31.7,4.2,16.7,0.221333333,30.45566667,0.523,103,176.2,5.261066969
"Parker, Mitchell",680730,2025,725,14.2,8,0.342,0.367,72.1,9.2,92.3,37.5,9.6,9.1,25,50,29.1,87.6,19.6,37.9,36.1,26.1,37.7,27.9,27.5,2705,93,2168,19.1,85,2267,6.2,,,,81.1,2280,7.3,,,,,,,85.4,975,12.1,,,,,,,,,,,,,93,2168,5.8,-13.8,18,19.1,82.5,2276,-2.1,-43.7,-3.6,85.4,975,6.8,-28.5,9,12.1,0.203666667,30.96533333,0.554,104,164.2,5.700365408
"Yamamoto, Yoshinobu",808967,2025,684,29.4,8.6,0.244,0.258,71.8,9,88.3,28.3,5.7,6.4,40.1,39.7,29.6,81.1,28.9,37.1,35.6,27.3,53.7,22.1,19.7,2789,95.4,2200,17.5,86.4,2782,6.6,,,,76.8,2761,20.2,94.8,2240,18.2,91.1,2433,9.1,90.9,1429,11.8,84.2,2981,17.3,,,,,,,,,,94.4,2253,-5.8,-16.9,13.7,15.9,78.2,2764,11.1,-59.3,-13.8,90.9,1429,-11.3,-31,2,11.8,0.258,29.58466667,0.418,48,173.2,2.494226328
"Williams, Gavin",668909,2025,704,24.6,11.8,0.299,0.319,71.8,9.5,90.4,35.3,9,6.5,33.9,44.3,26.1,82.1,27.7,38,39.6,22.5,46.1,26.7,22.2,2925,96.6,2307,18.8,,,,87.6,1986,14.1,82,2454,16.8,95.9,2060,18.1,91.8,2286,7.7,,,,86.5,2269,10.5,,,,,,,,,,95.3,2274,-9.3,-17.6,12.6,16.1,84.2,2367,10,-46.5,-7.6,87.6,1986,-5.4,-30.7,5,14.1,0.239,30.311,0.489,57,167.2,3.068181818
"Lorenzen, Michael",547179,2025,606,21,6.4,0.339,0.332,71.9,11.9,89.3,36.6,8.8,6,27.4,39.2,28.4,83.5,23.4,40.6,34.6,24.9,39.2,27.2,24.9,2318,93.9,2339,19,85.1,2578,3.9,83.7,1982,17.8,82.2,2530,12.6,93,2198,18.6,90.2,2519,8.8,,,,82.3,2557,12.9,,,,,,,,,,92.8,2327,-11.1,-20.7,11.1,16.7,83.3,2556,5.2,-44,-4.6,83.7,1982,-15.3,-30.3,8.8,17.8,0.227666667,29.92666667,0.521,73,141.2,4.652974504
"Kelly, Merrill",518876,2025,748,22.3,6.4,0.288,0.315,72.7,11.3,90.2,32.4,9.2,7.3,31.1,43.5,32.8,85.2,24.1,41.8,36,22.2,43.7,25.8,22.8,2833,91.9,2369,17.7,85.8,2367,4.3,88.3,2158,15.3,81.7,2616,13.2,92.2,2224,17.8,90.6,2367,12.5,,,,,,,,,,,,,,,,91.5,2333,-8.8,-21.2,11.7,15.8,83.4,2512,5.8,-43.8,-4.4,88.3,2158,-15.1,-35.1,0.1,15.3,0.239,30.24233333,0.486,72,184,3.52173913
"Sugano, Tomoyuki",608372,2025,675,15.7,5.3,0.342,0.367,72.4,10.8,90,38.5,11.8,5.3,28,39.8,29,89.9,18.5,37.9,38.9,23.2,40.8,28.6,24.2,2565,92.7,2394,17.9,,,,,,,78.2,2674,15.3,92.9,2280,18.7,88.2,2471,6.3,87.3,1590,13.4,83.6,2599,11.9,,,,,,,,,,91.6,2374,-6.7,-20.4,12.3,15.2,81.8,2623,10.5,-43.5,-2.3,87.3,1590,-11.8,-30.2,5.6,13.4,0.192,30.172,0.528,81,157,4.643312102
"Burke, Sean",680732,2025,596,22.3,10.6,0.34,0.343,71.6,10.6,89.6,39.4,10.4,7.9,22.6,42.7,26.9,81.8,25.1,41.2,36.4,22.4,36.1,32.1,25.2,2376,94.4,2560,19.2,86.6,2507,7.8,85.7,1822,17.4,79.7,2547,16.2,94,2386,20,,,,,,,,,,,,,,,,,,,94.4,2543,-5.8,-12.8,18.1,19.3,83,2528,5.6,-45.5,-5.4,85.7,1822,-14.8,-28.5,8.9,17.4,0.234,30.04366667,0.573,63,134.1,4.228187919
"Kochanowicz, Jack",686799,2025,512,14.1,11.3,0.379,0.367,72.5,10.4,92.1,28,9.3,5.1,38.1,49.6,26.9,87.9,20.8,37.9,39.5,22.7,52.5,23.5,20,1858,95.5,2249,16,87.3,2731,4.2,89.9,2109,10.1,,,,95.5,2136,14.7,,,,,,,82.3,2842,14.1,,,,,,,,,,95.5,2168,-12.2,-23.8,6.2,15.1,85.9,2761,6,-38.6,-1.4,89.9,2109,-9.2,-31.3,2.5,10.1,0.199333333,30.89633333,0.435,84,111,6.810810811
"Taillon, Jameson",592791,2025,519,18.9,5.2,0.297,0.304,71.9,11.6,88.3,33,8.1,6.6,24.9,38.3,28.8,85.9,20.8,38.3,34.5,27.2,34.3,32.2,23.6,1979,92.3,2321,19.8,,,,84,1753,17.6,79.6,2580,13.5,92.3,2212,19.5,85.8,2533,10.9,,,,80.2,2719,16.2,,,,,,,,,,90.7,2360,-4.7,-18.1,15.3,17.6,79.9,2653,12.8,-47.9,-4.8,84,1753,-15.5,-31.1,7.8,17.6,0.212333333,29.588,0.558,53,129.2,3.691950464
"Abbott, Andrew",671096,2025,684,21.8,6.3,0.288,0.294,72.2,9.8,87.8,34.8,8,5.9,22.5,33.7,30.2,81.8,24,32.9,36.6,30.5,32.9,32.9,23.5,2677,92.8,2275,18.7,,,,84.8,1984,18.4,81,2800,10.9,,,,88.6,2501,9.1,,,,82.8,2782,12.3,,,,,,,,,,92.4,2294,8.3,-16.5,15.5,17.9,81.8,2791,-10.6,-41,0,84.8,1984,15.2,-27.8,10.2,18.4,0.241333333,29.40566667,0.564,53,166.1,2.871763998
"Leiter, Jack",683004,2025,646,22.9,10.4,0.298,0.325,72.3,9.7,90.5,33.8,10.8,7,27.7,43.9,25,83.2,24.3,42.5,35,22.5,37.8,30,23.2,2583,97.3,2428,19.7,87.6,2546,5.2,90.7,1522,15.1,81.9,2630,11.9,96.1,2337,20.2,,,,,,,,,,,,,,,,,,,97,2406,-10,-12.5,16.8,19.8,86,2570,4.8,-39,-1.8,90.7,1522,-14.5,-30.6,3,15.1,0.220333333,30.349,0.532,65,151.2,3.869047619
"Wheeler, Zack",554430,2025,585,33.3,5.6,0.263,0.246,71.7,8.8,87.4,36.7,7.2,6.6,33,34.1,31.2,76.9,31.5,41.8,33.2,24.9,41.5,28.4,23.8,2394,96.1,2470,18,,,,,,,81.1,2810,16.4,95.4,2310,19.2,91.8,2564,9.8,87.1,1534,14.4,83.7,2669,14.2,,,,,,,,,,95.4,2442,-10.6,-18.1,12.2,17.2,82.7,2725,13.2,-42.8,-2.5,87.1,1534,-13.2,-31.8,4.3,14.4,0.286,29.271,0.522,45,149.2,2.714477212
"deGrom, Jacob",594798,2025,669,27.7,5.5,0.259,0.285,71.9,9.7,90.1,33.1,9.2,7,28.2,41.9,32.4,80.4,30.2,36.5,32.7,30.9,38.1,33.1,22.3,2614,97.5,2519,18.8,90.4,2698,5.8,89.8,1666,14.5,80.9,2781,11.9,,,,,,,,,,,,,,,,,,,,,,97.5,2519,-8.9,-12.5,16.5,18.8,89.2,2708,5.5,-33,1.5,89.8,1666,-13.9,-31.9,2.1,14.5,0.274,30.20366667,0.554,57,172.2,2.979094077
"Márquez, Germán",608566,2025,591,14,8.1,0.393,0.365,72.6,10.3,91.7,35.8,11.1,7.3,27.4,48.5,26.2,90.1,18.6,44.5,32.1,23.5,36.9,28.5,28.1,2085,94.8,2203,17.6,88.8,2324,6.5,88.5,1641,14.9,85.5,2652,3.2,94.2,2151,17.7,,,,,,,,,,,,,,,,,,,94.6,2184,-11.7,-17.9,12.7,17.6,86.3,2568,1.1,-35.7,0.9,88.5,1641,-12.1,-26.3,8.5,14.9,0.182333333,30.76533333,0.566,94,126.1,6.708961142
"Liberatore, Matthew",669461,2025,648,18.8,6.2,0.318,0.338,72.1,10.4,90.6,36.3,10.6,5,27.6,41.1,29.5,88.4,20.2,36.9,36.3,26.8,39,27.4,26.8,2386,93.9,2114,18,86.3,2690,4.9,88.4,1802,18.3,77.4,2964,20.4,94,2096,19,90.1,2491,11.2,,,,,,,,,,,,,,,,93.1,2195,6.4,-17,14.6,16.7,82.5,2809,-6.5,-48,-7.3,88.4,1802,15.2,-25,10,18.3,0.204333333,30.37233333,0.542,71,151.2,4.226190476
"Patrick, Chad",694477,2025,503,25.2,8,0.307,0.305,71.5,8.4,89.4,40.1,8.1,6.6,22.6,42.2,29,80.2,23.5,38.3,34,27.7,31.9,28.9,29.2,2010,94.2,2331,18.1,84.2,2442,10.7,88.7,2031,12.9,,,,94.1,2196,19,87.9,2411,13.5,87.7,1357,13.4,,,,85.9,2504,6.9,,,,,,,91.2,2333,-4.2,-20.1,13.1,16.2,84.5,2455,7.8,-34.7,3.6,88.6,1999,-12.3,-31.1,3.7,13,0.241,29.96766667,0.581,47,119.2,3.548657718
"Cabrera, Edward",665795,2025,581,25.8,8.3,0.303,0.309,72,13.1,90.3,31.1,8.6,9.1,32.7,46.4,30.3,84.7,29.4,48.8,32.7,18.5,47.5,24.7,24.4,2252,97,2335,18.3,88.5,2548,3.9,94.2,1749,18.2,84,2631,15.8,96.8,2309,19.8,,,,,,,,,,,,,,,,,,,96.9,2319,-14.8,-17.8,11.5,19.2,85.9,2596,7.1,-42.7,-5.4,94.2,1749,-17.5,-26.5,4.5,18.2,0.25,30.28333333,0.491,54,137.2,3.542274052
"Senzatela, Antonio",622608,2025,618,11.8,7.6,0.406,0.395,71.3,7.2,90.9,36.4,9.2,7,30.9,46,23.2,88.7,18.1,32.3,39.9,27.8,44.4,24.5,27.6,2284,95,2229,12.9,86.9,2291,6.2,87.5,2201,12.1,80.3,2462,8.2,92,2070,15.4,,,,,,,,,,,,,,,,,,,94.9,2227,-5,-18.5,11.7,13,84.1,2363,5,-39,-0.4,87.5,2201,-9.6,-28.8,6.8,12.1,0.175333333,30.484,0.521,96,130,6.646153846
"Morton, Charlie",450203,2025,654,22.8,11,0.36,0.333,72.2,11.4,91.2,33.3,8.6,5,31.9,43.6,27.2,83.5,27.9,44.8,33.8,21.3,44.4,24.9,25.4,2548,94.2,2323,17.4,,,,87.5,1815,14.7,81.4,3163,17.9,94,2220,18.4,88,2514,5.9,,,,,,,,,,,,,,,,93.1,2326,-11.4,-22.9,8.8,15.7,81.4,3163,15.4,-50.5,-8.9,87.5,1815,-13.7,-39.6,-3.7,14.7,0.238666667,30.574,0.503,92,142,5.830985915
"Buehler, Walker",621111,2025,564,16.3,10.6,0.348,0.357,72.2,10.4,87.9,35.8,9.5,6.3,32.8,37.8,25.7,88.3,19.2,43.3,35.5,21.3,42.5,24,27,2189,94,2249,17.9,87.5,2525,9.6,89.7,1560,17,77.4,2435,18.7,93.8,2123,18.8,90.6,2414,11.9,,,,80.8,2715,16.8,,,,,,,,,,92.9,2261,-5.5,-18.2,13.5,16.5,82.4,2529,11,-44.5,-3.7,89.7,1560,-15.9,-28.9,5.2,17,0.188666667,29.45766667,0.51,69,126,4.928571429
"Heaney, Andrew",571760,2025,536,16,7.5,0.357,0.362,72.1,9.1,90.2,37.7,10.2,5.7,24.9,43.6,29,85.4,19.9,39.4,33.9,26.7,37.9,27.4,28.2,2082,90.1,2375,20.5,80.5,2474,4.2,82,2107,17.8,75.3,2558,11.6,89.2,2364,19,,,,,,,,,,,,,,,,,,,89.9,2373,16.5,-23.4,10.7,20.2,78.4,2509,-5.9,-47.2,-2.4,82,2107,17,-36,4.9,17.8,0.211666667,30.246,0.556,75,122.1,5.528255528
"Cameron, Noah",702070,2025,556,20.5,7.7,0.281,0.312,71.8,12.1,87.9,32.6,6.3,5.8,31.3,37.4,28.1,81.6,26.6,38.6,36.1,25.3,42.2,26.8,22.5,2164,92.3,2288,17.5,84.2,2534,3.9,81.3,1513,15.9,80.9,2394,11.6,,,,88.2,2461,7.8,,,,,,,,,,,,,,,,90.5,2366,0.8,-21.2,12.2,13.1,82.3,2453,-3.2,-47,-6.6,81.3,1513,10.9,-30.1,11.3,15.9,0.243666667,29.44566667,0.493,46,138.1,2.997827661
"Baz, Shane",669358,2025,711,24.8,9,0.33,0.304,71.8,8.2,89,32.3,9.5,4.1,35.3,39.4,29.3,82.9,25.8,39.4,37,23.6,47,22.7,21.6,2718,97,2456,19.5,86.7,2331,4.1,89.3,2114,19,85,2699,14.8,,,,90.2,2344,8.4,,,,,,,,,,,,,,,,95.3,2428,-6.8,-15.9,14.4,16.7,85.2,2662,7.1,-49,-11.2,89.3,2114,-16.7,-25.4,8.9,19,0.240666667,29.82966667,0.443,90,166.1,4.876580373
"Singer, Brady",663903,2025,716,22.8,8.4,0.313,0.32,72.1,10,90.3,36.3,9.4,6.5,28.2,40.7,25.6,84.7,24,38,37,25.1,39.7,28.4,25.5,2850,91.3,2442,16,82.6,2434,5.4,,,,,,,92.2,2362,19,87.5,2347,8,,,,81.6,2418,9.7,,,,,,,,,,91.3,2373,-11.5,-22.4,10.5,16.8,82.3,2430,6,-40.5,-0.3,,,,,,,0.216333333,30.267,0.539,76,169.2,4.042553191
"Rasmussen, Drew",656876,2025,585,21.7,6.3,0.269,0.288,72.1,7.3,90.6,29.6,6.3,6.3,35.8,43.3,28.6,84.9,22.2,39.9,36.8,23.3,49.5,23.1,20.9,2316,95.8,2481,17.9,,,,89.4,1097,11.3,80.5,2765,13.1,95.4,2418,19.6,90.3,2704,6.4,,,,84.6,2704,12.3,,,,,,,,,,93.8,2543,-3.7,-19.5,11.5,14.3,82.6,2733,8.6,-46.9,-6.7,89.4,1097,-8.9,-29.5,4.9,11.3,0.219666667,30.36533333,0.44,46,150,2.76
"Giolito, Lucas",608337,2025,613,19.7,9.1,0.301,0.342,72,12,90.3,38.3,9,7.4,24.5,41.1,26.7,84.1,22.9,37.6,39.3,23.1,39.5,27,23.8,2367,93.3,2231,19.5,86,1966,5.5,81.7,1673,18.4,78.6,2471,16.7,,,,,,,,,,,,,,,,,,,,,,93.3,2231,-6.8,-13.5,18.1,19.5,85.1,2027,2.8,-35.6,2.3,81.7,1673,-13.2,-28.4,12.6,18.4,0.218333333,30.267,0.508,55,145,3.413793103
"Springs, Jeffrey",605488,2025,713,19.4,7.6,0.309,0.317,71.4,11.3,88.3,38.2,8.1,8.3,21.8,37.3,28.4,81.5,26,35.1,39.4,25.5,31.9,29.5,29.2,2847,90.7,2171,19.8,83.5,2226,5.2,79.1,1395,14.6,,,,,,,86.9,2203,9,,,,76.2,2320,15.4,,,,,,,,,,90.3,2175,10.1,-18.7,15.1,18.5,81.8,2248,-6.5,-39.2,1.9,79.1,1395,12.5,-37,6.8,14.6,0.243,29.58466667,0.587,78,171,4.105263158
"Bibee, Tanner",676440,2025,762,21.3,7.1,0.313,0.296,71.8,11.7,88.5,29.5,8,6,33.2,36.6,25.4,83.5,23.8,39,34.9,26.1,45.3,26.5,19.8,2969,94.4,2243,15.8,,,,81.8,1965,16.8,79.7,2666,13.7,94.1,2227,17.2,86.2,2705,9.2,,,,83,2675,16.5,,,,,,,,,,91.6,2390,-3.2,-23.1,9.7,14,82.2,2673,14.6,-44.4,-3.6,81.8,1965,-12,-29.5,11.4,16.8,0.219,29.64866667,0.463,86,182.1,4.250411862
"Quantrill, Cal",615698,2025,513,16.6,6.8,0.367,0.367,72.4,10.8,90.4,39.4,12.4,5.9,21.9,44.3,28.7,87.3,20.2,44.1,34.3,21.6,34.3,30.9,28.1,2003,93.7,2146,19.4,84.9,2441,4.4,87.7,1678,17.8,79.9,2524,8.2,93.7,2104,20,88.9,2306,9,86.4,1127,13.7,,,,,,,,,,,,,91.9,2189,-7.1,-20.1,12.4,15.8,82,2490,3.8,-45,-4.2,86.4,1131,-11.7,-30.8,6.1,13.8,0.205333333,30.32233333,0.59,79,117.2,6.066552901
"Priester, Quinn",682990,2025,653,20.2,7.7,0.31,0.294,72.2,11.1,89,28.6,7.3,5.4,40.2,39.4,26.6,84.4,24.5,37.4,39.4,23.2,55.7,19.1,19.4,2468,,,,86.1,2469,4.7,88.4,1415,14,80.9,2663,10.1,93.9,2043,16.4,92.3,2353,11.4,,,,,,,,,,,,,,,,93.4,2145,-9.6,-22.9,8.5,14.8,84.8,2518,4.2,-40.5,-2.6,88.4,1415,-13,-30.4,4.5,14,0.222333333,29.82233333,0.385,58,157.1,3.322724379
"Fedde, Erick",607200,2025,623,13.3,10.8,0.344,0.352,72,8.6,90.2,35.3,7.9,7.7,29.1,42.6,24.8,88.4,18,36,36.2,27.9,42.1,26.6,23.6,2369,,,,,,,87.6,1808,12.8,,,,93.2,1975,15.3,90.3,2138,9.5,,,,82.6,2437,13.9,,,,,,,,,,91.9,2048,-5.9,-23,9.3,12.7,82.6,2437,12.8,-35.9,4.3,87.6,1808,-12.2,-33,2.5,12.8,0.181333333,30.235,0.502,86,141,5.489361702
"Bello, Brayan",678394,2025,700,17.7,8.4,0.297,0.327,72.1,10.5,88.8,30.8,7.1,5,36.5,39.3,27.5,89.4,20.1,39.9,36.9,23.2,50,24,21.2,2641,95.1,2161,15.8,,,,88.7,1844,16.9,,,,95.3,2121,18,88.2,2479,3.1,,,,85.7,2475,10.8,,,,,,,,,,93.5,2217,-10.5,-24.7,6.7,13.9,85.7,2475,9.9,-40.5,-3.2,88.7,1844,-16,-30.2,4.6,16.9,0.194,29.75466667,0.452,62,166.2,3.357400722
"Warren, Will",701542,2025,711,24.1,9.1,0.321,0.329,72,9.1,91,36,10.9,5.1,29.1,45.3,24.5,82.1,24.6,35.5,39.4,25.1,42.8,25.5,26.2,2802,93.3,2573,17.5,,,,87,1723,14.7,80.2,2867,17,93.2,2430,16.8,,,,,,,82.7,3024,19.7,,,,,,,,,,93.3,2525,-10.7,-19.9,11.7,17.3,82.1,2984,17.8,-43.7,-2.7,87,1723,-14.6,-35.7,0.6,14.7,0.223333333,30.52066667,0.517,80,162.1,4.441702653
"Martinez, Nick",607259,2025,683,17,6.1,0.317,0.309,71.9,11,88.3,37,6.9,5,27.9,34.5,24.5,85.9,19.9,43.5,33.7,22.7,39.3,27.7,24.9,2577,92.6,2316,18.6,84.9,2434,2.7,78.5,2010,12.5,79.8,2586,16.7,92.5,2294,19.4,89.1,2364,11.7,,,,,,,,,,,,,,,,91.3,2327,-5,-18.4,14.4,16.4,82.3,2513,1.4,-48.3,-7.7,78.5,2010,-11.2,-39.4,5,12.5,0.195,29.57133333,0.526,82,165.2,4.467312349
"Pepiot, Ryan",686752,2025,679,24.6,9,0.306,0.307,72.1,9.7,90.1,36.6,9.7,8.1,26.3,42.5,28.6,79.8,26,40.7,33.3,25.8,38.7,29.7,24.3,2698,95.2,2413,20.8,89,2591,11.4,86.8,2506,14.7,80.8,2947,19.8,94.6,2390,20.2,91.5,2517,14.2,,,,,,,,,,,,,,,,94.7,2425,-6.7,-12.3,18.3,19.9,87.7,2647,8.3,-30,5.5,86.8,2506,-14.4,-34.1,2.1,14.7,0.249333333,30.20733333,0.54,72,167.2,3.875598086
"Flaherty, Jack",656427,2025,681,27.6,8.7,0.313,0.311,71.8,11.3,89.7,37.8,10.3,5.6,23.5,43.8,29.1,82.7,27.3,40.3,34.5,25.2,37.1,29.1,26.3,2831,92.9,2263,17,84.9,2428,7.3,85.8,1766,15.2,77.8,2389,15,90.7,2072,16.8,,,,,,,,,,,,,,,,,,,92.8,2257,-6.1,-16.2,15.6,17,81.3,2408,9.3,-44.9,-3.1,85.8,1766,-13.5,-30.2,6.8,15.2,0.245666667,30.08033333,0.554,83,161,4.639751553
"Gilbert, Logan",669302,2025,535,32.3,5.8,0.28,0.273,71.9,12.5,90.8,32.1,8.6,5.6,28.7,41.7,30.4,78.4,32.9,39.5,38.3,22.2,39.8,28.4,24.1,2156,95.4,2115,18.7,87.5,1820,2.4,,,,82.1,2183,13.6,95.5,2162,20,,,,81.7,727,7.1,,,,,,,,,,,,,95.4,2117,-8.7,-13.7,16.4,18.8,86.5,1884,2.8,-36.7,0.1,81.7,727,-4.8,-42.1,-1,7.1,0.283,30.43433333,0.525,50,131,3.435114504
"Luzardo, Jesús",666200,2025,758,28.5,7.5,0.29,0.285,71.8,10.7,88.5,34.2,6.6,6.4,30.7,37.1,30.4,79.5,30.8,40,35.1,24.9,42.7,25.3,25.3,3013,96.5,2239,18.6,86.6,2383,3.2,87.9,1929,18.1,,,,95.8,2231,19,,,,,,,86.1,2282,9.7,,,,,,,,,,96.3,2237,13.2,-17,12.7,18.7,86.2,2302,-7.2,-37,0,87.9,1929,16.5,-28.3,7.2,18.1,0.272333333,29.64566667,0.506,80,183.2,3.930131004
"Brown, Hunter",686613,2025,729,28.3,7.8,0.262,0.277,71.8,7.8,86.1,31.4,5.9,5,34.6,32.2,29.4,80.7,27.8,37,37.5,25.5,48.1,23.3,22.2,2962,96.6,2276,18.7,90.5,2198,6.9,88.2,1501,16.5,83.5,2574,16.8,95.7,2179,19.3,92.6,2260,8.3,,,,,,,,,,,,,,,,95.9,2241,-8.4,-14.9,15,18,84.9,2500,4.9,-50.2,-11.7,88.2,1501,-14.4,-27.3,7.9,16.5,0.255,28.827,0.455,50,185.1,2.431118314
"Castillo, Luis",622491,2025,745,21.7,6.2,0.304,0.312,71.5,8.9,90.3,32.1,10.4,7,29.2,46.4,28.9,80.7,24.6,38.3,37.2,24.5,41.1,28.7,22.8,2988,95,2211,18,84.5,2249,2.4,87.2,1970,17.8,,,,94.8,2035,19,,,,,,,,,,,,,,,,,,,94.9,2154,-14.8,-20.9,9.6,18.3,84.5,2249,1,-38.5,-0.4,87.2,1970,-17.7,-36.6,-0.5,17.8,0.242666667,30.28933333,0.515,71,180.2,3.546059933
"Gausman, Kevin",592332,2025,775,24.4,6.5,0.273,0.299,72.4,10.2,89.3,35,8.5,10.2,24.7,41.4,31.7,81.9,26.4,34.1,35.8,30.1,37.3,29.8,26,3030,94.5,2260,20.2,83.2,2334,3.9,,,,,,,93.7,2280,25.9,,,,84.9,1691,16.5,,,,,,,,,,,,,94.5,2260,-11.1,-14.1,16.8,20.3,83.2,2334,1.8,-37.9,1.7,84.9,1691,-15.5,-33.8,4.5,16.5,0.254,29.933,0.558,77,193,3.590673575
"Gore, MacKenzie",669022,2025,679,27.2,9.3,0.318,0.322,71.4,9.6,90.4,35.9,10.6,6.3,25.4,44.1,29.9,80,29.7,36.9,36.6,26.5,38.5,31.5,24.4,2818,95.3,2260,18.4,86.7,2096,3.8,86.2,2093,16.5,81.6,2344,14.1,,,,90.3,1966,8.2,,,,,,,,,,,,,,,,94.8,2234,6,-14.3,16.2,17.5,83.3,2262,-3.5,-47.8,-8,86.2,2093,14,-28.6,8.3,16.5,0.265333333,30.31566667,0.559,74,159.2,4.183417085
"Peterson, David",656849,2025,723,20.7,9,0.311,0.329,72.2,10.1,90.6,34.4,6.4,6.6,37.2,46,28.1,85.7,24,41.6,35.6,22.8,55.4,16,26.6,2699,92.3,2132,14.5,84.6,2314,3.2,84.6,1565,15.6,78.7,2361,10.6,91.3,2122,16.7,,,,,,,,,,,,,,,,,,,91.7,2127,10.3,-22.4,10.3,15.7,82.1,2334,-4.2,-44.2,-3.4,84.6,1565,14.6,-33.9,4.6,15.6,0.221333333,30.37466667,0.426,79,168.2,4.227110583
"Lord, Brad",695418,2025,546,19.8,7.9,0.319,0.334,71.3,5,88.5,34.4,7.1,8.2,33.9,41.8,25.3,82,21.3,33.7,37.5,28.8,49,19.9,25.5,2127,94.8,2330,18.9,85.5,2512,2.7,85.9,1957,18.8,,,,94.3,2223,19,,,,,,,,,,82.3,2664,8.3,,,,,,,94.6,2301,-16.3,-21.7,9,18.9,85.5,2513,0.8,-36.8,0.5,85.9,1957,-17.8,-31.7,5.6,18.8,0.215333333,29.663,0.454,63,130.2,4.35483871
"Crochet, Garrett",676979,2025,814,31.3,5.7,0.27,0.266,72,9.9,87.7,32.2,7.3,6.7,33.4,37.3,32.6,79.4,29.4,43,33.8,23.2,49.3,23,20.8,3150,96.4,2460,18,,,,87.7,1711,14.1,,,,96,2399,18.3,90.9,2596,7.8,,,,82.7,2378,14.3,,,,,,,,,,94.4,2496,5.6,-19.8,11,14.5,82.7,2378,-13.8,-43.2,-3,87.7,1711,12,-29.3,6.4,14.1,0.275333333,29.382,0.438,59,205.1,2.588980985
"Martin, Davis",663436,2025,601,17.3,8,0.322,0.346,72.3,8.9,90.7,36,9.7,6.3,32.6,44.6,27.9,86.9,21.6,42.1,35.3,22.6,45.9,26.7,22.2,2307,94,2411,16.5,83.4,2735,10.4,90.2,2059,14.5,78.8,2794,16.7,92.9,2379,17.8,88.2,2580,6.1,,,,,,,,,,,,,,,,91.8,2465,-4.9,-22.1,10.5,13.1,81,2766,11.9,-45.9,-3.8,90.2,2059,-14.3,-32.6,1.2,14.5,0.208666667,30.41433333,0.489,65,142.2,4.113924051
"Skubal, Tarik",669373,2025,748,32.2,4.4,0.245,0.257,71.2,9.4,86.1,35.6,8.1,5.3,30.3,33,35.1,75.1,32.5,36.2,34.8,29,41.6,27.3,23.5,2849,97.6,2354,17.5,90,2233,6.1,88,1837,16.6,81.2,2505,7.7,97.3,2249,19,,,,89.3,941,15.4,,,,,,,,,,,,,97.4,2307,7.8,-13.4,15.5,18.2,88.4,2282,-3.5,-32.1,2.9,88,1834,15,-28.9,6.5,16.6,0.308333333,28.837,0.508,48,195.1,2.214249103
"Imanaga, Shota",684007,2025,567,20.6,4.6,0.293,0.312,72.6,12,90.7,34.3,11.6,9.2,20.3,43.5,31.6,80.8,24.6,43,32.6,24.3,30,39.5,19.6,2176,90.8,2482,21.7,81.4,2579,6.7,,,,71.6,2495,16.7,88.2,1781,17.5,,,,83,1277,14.9,80.4,2533,12.5,,,,,,,,,,90.8,2464,12,-15.7,17.8,21.6,79.6,2531,-11.5,-42.8,0.8,83,1277,13,-33.1,6.7,14.9,0.251333333,30.417,0.591,60,144.2,3.74479889
